{
  "model_id": "xgboost_PSI80_mill8",
  "best_value": 53.697513580322266,
  "best_params": {
    "Ore": 154.21285613288606,
    "WaterMill": 19.36893555006631,
    "WaterZumpf": 212.73556974744102,
    "PressureHC": 83.88424497777655,
    "DensityHC": 1.8360378055032505,
    "MotorAmp": 35.27109643810483,
    "Shisti": 0.14281555445748312,
    "Daiki": 0.35819810943973734
  },
  "n_trials": 50
}