{
  "model_id": "xgboost_PSI80_mill8",
  "best_value": 48.147621154785156,
  "best_params": {
    "Ore": 176.2166771068332,
    "WaterMill": 16.36920559319721,
    "WaterZumpf": 178.41000994788132,
    "PressureHC": 0.30737355047276216,
    "DensityHC": 1827.955606060692,
    "MotorAmp": 190.6241549448011,
    "Shisti": 0.20978558683302764,
    "Daiki": 0.36492065657490974
  },
  "n_trials": 150
}