{
  "model_id": "xgboost_PSI80_mill8",
  "best_value": 54.677215576171875,
  "best_params": {
    "Ore": 171.42125820624778,
    "WaterMill": 19.848937973038566,
    "WaterZumpf": 249.621250795691,
    "PressureHC": 0.3774708481490633,
    "DensityHC": 1640.0234107796894,
    "MotorAmp": 200.337497674973,
    "Shisti": 0.06316737561636133,
    "Daiki": 0.3924411912988672
  },
  "n_trials": 150
}