{
  "model_id": "xgboost_PSI200_mill7",
  "best_value": 21.88034439086914,
  "best_params": {
    "Ore": 166.71997670517075,
    "WaterMill": 11.999362388698565,
    "WaterZumpf": 242.2227768326799,
    "PressureHC": 0.46624821568937347,
    "DensityHC": 1681.1173678748207,
    "MotorAmp": 204.70667651537445,
    "Shisti": 0.23832727256751068,
    "Daiki": 0.35436670121596486
  },
  "n_trials": 150
}