{
  "model_id": "xgboost_PSI80_mill8",
  "best_value": 54.54756546020508,
  "best_params": {
    "Ore": 169.9862951892876,
    "WaterMill": 17.031755344279397,
    "WaterZumpf": 247.2918366774011,
    "PressureHC": 0.40688436978393866,
    "DensityHC": 1619.1043029158416,
    "MotorAmp": 216.8238743648806,
    "Shisti": 0.23399386553997983,
    "Daiki": 0.37869969736673753
  },
  "n_trials": 150
}