{
  "process_models": {
    "PulpHC": {
      "r2_score": 0.8884278599002308,
      "rmse": 12.470607433126942,
      "feature_importance": {
        "Ore": 0.10561302304267883,
        "WaterMill": 0.19338959455490112,
        "WaterZumpf": 0.38961830735206604,
        "MotorAmp": 0.3113791346549988
      },
      "model_type": "process_model",
      "input_vars": [
        "Ore",
        "WaterMill",
        "WaterZumpf",
        "MotorAmp"
      ],
      "output_var": "PulpHC"
    },
    "DensityHC": {
      "r2_score": 0.9151561991917933,
      "rmse": 7.538376970934793,
      "feature_importance": {
        "Ore": 0.13539531826972961,
        "WaterMill": 0.11828315258026123,
        "WaterZumpf": 0.3376653492450714,
        "MotorAmp": 0.40865617990493774
      },
      "model_type": "process_model",
      "input_vars": [
        "Ore",
        "WaterMill",
        "WaterZumpf",
        "MotorAmp"
      ],
      "output_var": "DensityHC"
    },
    "PressureHC": {
      "r2_score": 0.9381761824848851,
      "rmse": 0.0034993697373287293,
      "feature_importance": {
        "Ore": 0.16798417270183563,
        "WaterMill": 0.13959617912769318,
        "WaterZumpf": 0.6031107306480408,
        "MotorAmp": 0.08930887281894684
      },
      "model_type": "process_model",
      "input_vars": [
        "Ore",
        "WaterMill",
        "WaterZumpf",
        "MotorAmp"
      ],
      "output_var": "PressureHC"
    }
  },
  "quality_model": {
    "r2_score": -0.5876963025618982,
    "rmse": 1.3637922455595015,
    "feature_importance": {
      "PulpHC": 0.2769002318382263,
      "DensityHC": 0.4490601122379303,
      "PressureHC": 0.274039626121521
    },
    "model_type": "quality_model",
    "input_vars": [
      "PulpHC",
      "DensityHC",
      "PressureHC"
    ],
    "output_var": "PSI200",
    "cv_vars": [
      "PulpHC",
      "DensityHC",
      "PressureHC"
    ],
    "dv_vars": []
  },
  "chain_validation": {
    "r2_score": -1910.455446076307,
    "rmse": 68.84581398518483,
    "mae": 5.8164955757483146,
    "n_samples": 200,
    "n_requested": 200,
    "predictions": [
      24.294828414916992,
      999.0,
      25.45355796813965,
      25.13681983947754,
      22.907489776611328,
      23.490747451782227,
      24.63357162475586,
      24.908830642700195,
      25.318641662597656,
      24.804719924926758,
      23.513010025024414,
      24.439777374267578,
      24.97047996520996,
      25.35325813293457,
      24.383703231811523,
      24.943227767944336,
      22.99199104309082,
      24.482330322265625,
      25.17706871032715,
      24.37485122680664,
      26.94009780883789,
      25.155630111694336,
      24.721221923828125,
      22.51394271850586,
      25.16275978088379,
      24.848039627075195,
      24.140249252319336,
      21.377727508544922,
      24.70646095275879,
      26.208740234375,
      26.202672958374023,
      24.396472930908203,
      24.91168975830078,
      25.774633407592773,
      24.709245681762695,
      23.48727035522461,
      24.26189613342285,
      27.91371726989746,
      24.5498104095459,
      24.42279815673828,
      24.413015365600586,
      22.6595516204834,
      24.227783203125,
      24.41788673400879,
      24.78186798095703,
      21.764616012573242,
      25.599287033081055,
      24.483713150024414,
      24.965221405029297,
      24.372007369995117,
      24.80976676940918,
      24.536273956298828,
      24.835372924804688,
      25.90134048461914,
      24.83298110961914,
      25.809356689453125,
      25.379545211791992,
      24.62015151977539,
      24.407848358154297,
      25.535673141479492,
      24.223899841308594,
      24.495161056518555,
      25.13324546813965,
      25.46146011352539,
      23.214040756225586,
      22.48729705810547,
      24.21352767944336,
      23.950151443481445,
      24.315519332885742,
      24.669841766357422,
      23.40321922302246,
      23.81849479675293,
      25.37238121032715,
      25.034019470214844,
      24.110368728637695,
      23.211048126220703,
      24.98178482055664,
      25.330196380615234,
      23.508413314819336,
      23.441518783569336,
      22.997835159301758,
      21.57610321044922,
      24.377853393554688,
      26.022939682006836,
      24.147552490234375,
      24.786331176757812,
      24.576770782470703,
      25.0362548828125,
      24.30413818359375,
      24.504852294921875,
      23.99108123779297,
      24.636796951293945,
      25.48375701904297,
      23.929189682006836,
      23.705629348754883,
      24.169429779052734,
      24.896059036254883,
      23.493789672851562,
      24.41119384765625,
      23.513973236083984,
      25.011600494384766,
      22.837491989135742,
      25.185325622558594,
      22.597251892089844,
      25.696746826171875,
      24.89948081970215,
      26.42901611328125,
      24.28428840637207,
      25.527313232421875,
      24.74028778076172,
      24.305267333984375,
      23.99269676208496,
      24.117061614990234,
      23.313247680664062,
      23.815528869628906,
      24.477298736572266,
      24.001985549926758,
      25.610353469848633,
      24.15869903564453,
      23.940174102783203,
      24.780704498291016,
      22.800701141357422,
      25.174631118774414,
      24.615285873413086,
      25.28325080871582,
      24.525222778320312,
      26.1611328125,
      26.25486946105957,
      24.828550338745117,
      24.53377342224121,
      24.561214447021484,
      24.917634963989258,
      25.476442337036133,
      26.69540786743164,
      25.537628173828125,
      24.428447723388672,
      24.688142776489258,
      23.456602096557617,
      25.407184600830078,
      25.26984405517578,
      24.56808090209961,
      24.86939811706543,
      23.43132209777832,
      25.53363609313965,
      25.53118324279785,
      25.54563331604004,
      24.389110565185547,
      25.437856674194336,
      26.664339065551758,
      24.53002166748047,
      25.59817886352539,
      24.65450096130371,
      26.58542823791504,
      23.649991989135742,
      26.76927947998047,
      24.359209060668945,
      23.5980167388916,
      20.58547019958496,
      25.080162048339844,
      25.336366653442383,
      25.9754581451416,
      23.51763343811035,
      25.803546905517578,
      23.467422485351562,
      24.538591384887695,
      24.65949249267578,
      24.50027847290039,
      24.941268920898438,
      24.369022369384766,
      24.353471755981445,
      21.53500747680664,
      26.137544631958008,
      24.349157333374023,
      25.0621395111084,
      24.651460647583008,
      25.303571701049805,
      24.029844284057617,
      24.53754997253418,
      24.92243194580078,
      23.464920043945312,
      24.838844299316406,
      23.685495376586914,
      24.60135269165039,
      24.353628158569336,
      26.1239070892334,
      25.428056716918945,
      25.949087142944336,
      24.48838996887207,
      24.302814483642578,
      24.063678741455078,
      24.677749633789062,
      24.15985107421875,
      26.01498031616211,
      23.420839309692383,
      24.982439041137695,
      25.346073150634766,
      25.12559700012207,
      25.702835083007812,
      24.391666412353516,
      24.80153465270996
    ],