{
  "process_models": {
    "PulpHC": {
      "r2_score": 0.9135614716572735,
      "rmse": 6.9163581504406215,
      "feature_importance": {
        "Ore": 0.2144726812839508,
        "WaterMill": 0.11549438536167145,
        "WaterZumpf": 0.4534265398979187,
        "MotorAmp": 0.21660643815994263
      },
      "model_type": "process_model",
      "input_vars": [
        "Ore",
        "WaterMill",
        "WaterZumpf",
        "MotorAmp"
      ],
      "output_var": "PulpHC"
    },
    "DensityHC": {
      "r2_score": 0.8914976973412081,
      "rmse": 6.3668765777311,
      "feature_importance": {
        "Ore": 0.1757260113954544,
        "WaterMill": 0.12876754999160767,
        "WaterZumpf": 0.2968296408653259,
        "MotorAmp": 0.3986767828464508
      },
      "model_type": "process_model",
      "input_vars": [
        "Ore",
        "WaterMill",
        "WaterZumpf",
        "MotorAmp"
      ],
      "output_var": "DensityHC"
    },
    "PressureHC": {
      "r2_score": 0.9166788529346405,
      "rmse": 0.0028212095134737916,
      "feature_importance": {
        "Ore": 0.13735170662403107,
        "WaterMill": 0.11507143825292587,
        "WaterZumpf": 0.686596691608429,
        "MotorAmp": 0.060980163514614105
      },
      "model_type": "process_model",
      "input_vars": [
        "Ore",
        "WaterMill",
        "WaterZumpf",
        "MotorAmp"
      ],
      "output_var": "PressureHC"
    }
  },
  "quality_model": {
    "r2_score": 0.04253599932214336,
    "rmse": 0.8999510397009433,
    "feature_importance": {
      "PulpHC": 0.3092299997806549,
      "DensityHC": 0.4289514124393463,
      "PressureHC": 0.26181861758232117
    },
    "model_type": "quality_model",
    "input_vars": [
      "PulpHC",
      "DensityHC",
      "PressureHC"
    ],
    "output_var": "PSI200",
    "cv_vars": [
      "PulpHC",
      "DensityHC",
      "PressureHC"
    ],
    "dv_vars": []
  },
  "chain_validation": {
    "r2_score": -3523620.430063021,
    "rmse": 974.4298323887299,
    "mae": 974.429694117647,
    "n_samples": 2,
    "n_requested": 200,
    "predictions": [
      999.0,
      999.0
    ],
    "actuals": [
      24.051199999999998,
      25.08941176470588
    ]
  },
  "training_timestamp": "2025-09-25T11:48:26.399788",
  "data_shape": [
    23817,
    8
  ],
  "model_save_path": "c:\\Projects\\ok_dashboard\\python\\mills-xgboost\\app\\optimization_cascade\\cascade_models\\mill_8",
  "mill_number": 8,
  "feature_configuration": {
    "mv_features": [
      "Ore",
      "WaterMill",
      "WaterZumpf",
      "MotorAmp"
    ],
    "cv_features": [
      "PulpHC",
      "DensityHC",
      "PressureHC"
    ],
    "dv_features": [
      "Shisti",
      "Daiki",
      "Grano"
    ],
    "target_variable": "PSI200",
    "using_custom_features": 1
  }
}