{
  "process_models": {
    "PulpHC": {
      "r2_score": 0.8353181563522195,
      "rmse": 9.97503388684447,
      "feature_importance": {
        "Ore": 0.26882532238960266,
        "WaterMill": 0.14718106389045715,
        "WaterZumpf": 0.5839936137199402
      },
      "model_type": "process_model",
      "input_vars": [
        "Ore",
        "WaterMill",
        "WaterZumpf"
      ],
      "output_var": "PulpHC"
    },
    "DensityHC": {
      "r2_score": 0.7557881876321091,
      "rmse": 9.76522824089686,
      "feature_importance": {
        "Ore": 0.30630210041999817,
        "WaterMill": 0.2735306918621063,
        "WaterZumpf": 0.4201672077178955
      },
      "model_type": "process_model",
      "input_vars": [
        "Ore",
        "WaterMill",
        "WaterZumpf"
      ],
      "output_var": "DensityHC"
    },
    "PressureHC": {
      "r2_score": 0.883582630491858,
      "rmse": 0.00339819781405947,
      "feature_importance": {
        "Ore": 0.13652297854423523,
        "WaterMill": 0.11492463201284409,
        "WaterZumpf": 0.7485523223876953
      },
      "model_type": "process_model",
      "input_vars": [
        "Ore",
        "WaterMill",
        "WaterZumpf"
      ],
      "output_var": "PressureHC"
    }
  },
  "quality_model": {
    "r2_score": 0.056272423388294635,
    "rmse": 0.9103530760016415,
    "feature_importance": {
      "PulpHC": 0.3240143656730652,
      "DensityHC": 0.3904736042022705,
      "PressureHC": 0.2855120003223419
    },
    "model_type": "quality_model",
    "input_vars": [
      "PulpHC",
      "DensityHC",
      "PressureHC"
    ],
    "output_var": "PSI200",
    "cv_vars": [
      "PulpHC",
      "DensityHC",
      "PressureHC"
    ],
    "dv_vars": []
  },
  "chain_validation": {
    "r2_score": -16499.562425844786,
    "rmse": 119.36406224330587,
    "mae": 15.266850246161084,
    "n_samples": 200,
    "n_requested": 200,
    "predictions": [
      24.025056838989258,
      24.89690399169922,
      24.85230827331543,
      24.15849494934082,
      25.614269256591797,
      24.433467864990234,
      24.315086364746094,
      24.088632583618164,
      25.3176212310791,
      24.21460723876953,
      24.31436538696289,
      25.511198043823242,
      25.467866897583008,
      24.282766342163086,
      23.87973403930664,
      25.443683624267578,
      24.863054275512695,
      24.82752799987793,
      25.457359313964844,
      24.672550201416016,
      24.74220848083496,
      25.087738037109375,
      24.048402786254883,
      24.522830963134766,
      24.276470184326172,
      24.232933044433594,
      24.316186904907227,
      24.511686325073242,
      24.66608238220215,
      24.370603561401367,
      24.131549835205078,
      24.98344612121582,
      24.282920837402344,
      23.67594337463379,
      24.72793197631836,
      24.738306045532227,
      23.533061981201172,
      24.389148712158203,
      24.62993812561035,
      25.181411743164062,
      25.396989822387695,
      25.241710662841797,
      24.551483154296875,
      24.716829299926758,
      24.333473205566406,
      24.499948501586914,
      25.28559684753418,
      24.67574691772461,
      24.640474319458008,
      25.59172821044922,
      26.256742477416992,
      23.683883666992188,
      25.011341094970703,
      25.79853057861328,
      24.109743118286133,
      24.581645965576172,
      24.97894859313965,
      23.97756004333496,
      26.31053924560547,
      25.056671142578125,
      24.641572952270508,
      25.00330924987793,
      24.104354858398438,
      23.30419921875,
      24.064002990722656,
      24.42037582397461,
      25.086061477661133,
      25.66349220275879,
      23.75287628173828,
      25.120088577270508,
      24.555744171142578,
      23.782777786254883,
      24.918258666992188,
      24.35420799255371,
      23.894859313964844,
      24.848161697387695,
      24.563743591308594,
      24.709224700927734,
      24.236515045166016,
      24.61319351196289,
      24.330625534057617,
      24.602746963500977,
      24.98983383178711,
      24.39258575439453,
      25.285606384277344,
      23.87208366394043,
      25.759063720703125,
      24.584896087646484,
      23.179901123046875,
      26.00766372680664,
      24.99100685119629,
      24.775243759155273,
      24.321725845336914,
      24.02237892150879,
      25.129730224609375,
      23.767160415649414,
      24.954622268676758,
      24.327417373657227,
      24.19785499572754,
      24.597896575927734,
      25.616235733032227,
      24.957273483276367,
      23.920372009277344,
      24.558568954467773,
      23.668188095092773,
      24.440380096435547,
      24.41792106628418,
      23.84650230407715,
      24.75670051574707,
      24.77064323425293,
      24.158607482910156,
      24.88322639465332,
      24.103233337402344,
      26.022974014282227,
      24.151283264160156,
      24.122358322143555,
      23.737276077270508,
      24.8966121673584,
      24.271434783935547,
      25.153270721435547,
      24.270498275756836,
      999.0,
      24.390235900878906,
      24.94400978088379,
      23.677539825439453,
      24.44295310974121,
      25.46733856201172,
      25.01494026184082,
      24.84937858581543,
      24.251955032348633,
      24.10198211669922,
      24.353116989135742,
      24.155397415161133,
      23.831083297729492,
      24.66990089416504,
      25.057823181152344,
      24.351543426513672,
      25.796142578125,
      24.52293586730957,
      23.79828453063965,
      23.95279884338379,
      24.939638137817383,
      24.03536605834961,
      24.960567474365234,
      24.12396240234375,
      24.956247329711914,
      24.460355758666992,
      24.206729888916016,
      23.771896362304688,
      24.404293060302734,
      26.07782745361328,
      25.352983474731445,
      24.824302673339844,
      24.496410369873047,
      25.203411102294922,
      24.85603141784668,
      24.486806869506836,
      23.969982147216797,
      23.67876434326172,
      24.257816314697266,
      25.100831985473633,
      24.739959716796875,
      25.33669662475586,
      25.562095642089844,
      24.69355010986328,
      24.105098724365234,
      24.092269897460938,
      24.24373435974121,
      24.322689056396484,
      25.03390121459961,
      25.030956268310547,
      999.0,
      23.813072204589844,
      24.19392204284668,
      24.618993759155273,
      24.061689376831055,
      23.522357940673828,
      23.191553115844727,
      23.26752471923828,
      23.873756408691406,
      24.961219787597656,
      25.472820281982422,
      25.065471649169922,
      24.81847381591797,
      24.504587173461914,
      999.0,
      25.815776824951172,
      23.165590286254883,
      24.101280212402344,
      24.014482498168945,
      24.211843490600586,
      24.524389266967773,
      24.14214324951172,
      24.360857009887695,
      24.89076042175293,
      24.017545700073242,
      23.659521102905273,
      24.27115249633789,
      24.096040725708008,
      24.83304214477539
    ],