{
  "process_models": {
    "PulpHC": {
      "r2_score": 0.977609828259333,
      "rmse": 4.036439522513745,
      "feature_importance": {
        "Ore": 0.34689056873321533,
        "WaterMill": 0.25846123695373535,
        "WaterZumpf": 0.1955895572900772,
        "MotorAmp": 0.19905872642993927
      },
      "model_type": "process_model",
      "input_vars": [
        "Ore",
        "WaterMill",
        "WaterZumpf",
        "MotorAmp"
      ],
      "output_var": "PulpHC"
    },
    "DensityHC": {
      "r2_score": 0.9637988537504609,
      "rmse": 5.399464430260579,
      "feature_importance": {
        "Ore": 0.2708573341369629,
        "WaterMill": 0.08187438547611237,
        "WaterZumpf": 0.4968242347240448,
        "MotorAmp": 0.15044404566287994
      },
      "model_type": "process_model",
      "input_vars": [
        "Ore",
        "WaterMill",
        "WaterZumpf",
        "MotorAmp"
      ],
      "output_var": "DensityHC"
    },
    "PressureHC": {
      "r2_score": 0.9685713476243727,
      "rmse": 0.005866196171599814,
      "feature_importance": {
        "Ore": 0.28791093826293945,
        "WaterMill": 0.22494269907474518,
        "WaterZumpf": 0.38362523913383484,
        "MotorAmp": 0.10352107882499695
      },
      "model_type": "process_model",
      "input_vars": [
        "Ore",
        "WaterMill",
        "WaterZumpf",
        "MotorAmp"
      ],
      "output_var": "PressureHC"
    }
  },
  "quality_model": {
    "r2_score": -15.049154288817167,
    "rmse": 2.936349762524317,
    "feature_importance": {
      "PulpHC": 0.429147869348526,
      "DensityHC": 0.28066039085388184,
      "PressureHC": 0.2901916801929474
    },
    "model_type": "quality_model",
    "input_vars": [
      "PulpHC",
      "DensityHC",
      "PressureHC"
    ],
    "output_var": "PSI200",
    "cv_vars": [
      "PulpHC",
      "DensityHC",
      "PressureHC"
    ],
    "dv_vars": []
  },
  "chain_validation": {
    "r2_score": -51263.65984569234,
    "rmse": 482.36146839717327,
    "mae": 239.41311549773272,
    "n_samples": 200,
    "n_requested": 200,
    "predictions": [
      26.87849235534668,
      26.287723541259766,
      25.255046844482422,
      22.121936798095703,
      24.736377716064453,
      25.684555053710938,
      23.801605224609375,
      21.813030242919922,
      999.0,
      23.652711868286133,
      26.871536254882812,
      29.057071685791016,
      999.0,
      25.510414123535156,
      25.02620506286621,
      25.908863067626953,
      26.829326629638672,
      25.21772575378418,
      25.202903747558594,
      999.0,
      24.50682830810547,
      26.00632667541504,
      25.106355667114258,
      999.0,
      22.41048812866211,
      999.0,
      26.265310287475586,
      26.413068771362305,
      25.562238693237305,
      25.009294509887695,
      22.587778091430664,
      26.212255477905273,
      26.971939086914062,
      25.171720504760742,
      999.0,
      999.0,
      999.0,
      22.86859130859375,
      25.408519744873047,
      24.8162784576416,
      24.6739444732666,
      999.0,
      25.527719497680664,
      999.0,
      25.160566329956055,
      23.686098098754883,
      25.171186447143555,
      999.0,
      25.044225692749023,
      22.017627716064453,
      25.43262481689453,
      26.83527374267578,
      27.20998191833496,
      24.717069625854492,
      22.541791915893555,
      25.82318687438965,
      25.343210220336914,
      999.0,
      23.015138626098633,
      26.951725006103516,
      999.0,
      26.775354385375977,
      999.0,
      999.0,
      26.909873962402344,
      999.0,
      999.0,
      22.757450103759766,
      999.0,
      999.0,
      999.0,
      24.516586303710938,
      21.5412654876709,
      26.13625717163086,
      999.0,
      24.99888038635254,
      22.371871948242188,
      27.749704360961914,
      26.079681396484375,
      26.43343162536621,
      22.518342971801758,
      27.181360244750977,
      22.269865036010742,
      22.204139709472656,
      999.0,
      999.0,
      999.0,
      25.50537109375,
      999.0,
      27.035015106201172,
      23.163761138916016,
      26.88427734375,
      25.934099197387695,
      22.056072235107422,
      999.0,
      999.0,
      25.324298858642578,
      999.0,
      21.864185333251953,
      25.751155853271484,
      22.36157989501953,
      25.047853469848633,
      22.388851165771484,
      27.436750411987305,
      25.18111801147461,
      999.0,
      25.250717163085938,
      25.391923904418945,
      25.593564987182617,
      26.704286575317383,
      24.241910934448242,
      25.214702606201172,
      25.131858825683594,
      27.120912551879883,
      26.861412048339844,
      24.678693771362305,
      27.600872039794922,
      26.341323852539062,
      26.807231903076172,
      25.635282516479492,
      26.103975296020508,
      25.465900421142578,
      23.699399948120117,
      25.339061737060547,
      22.4774227142334,
      999.0,
      999.0,
      23.43657875061035,
      999.0,
      25.62530517578125,
      999.0,
      24.84447479248047,
      999.0,
      22.892602920532227,
      22.733610153198242,
      22.352489471435547,
      27.11814308166504,
      25.104890823364258,
      25.2318115234375,
      25.56232261657715,
      25.031810760498047,
      999.0,
      26.831525802612305,
      22.436176300048828,
      22.424514770507812,
      25.984378814697266,
      27.120912551879883,
      22.07745933532715,
      26.21670150756836,
      22.397470474243164,
      25.433996200561523,
      999.0,
      22.833213806152344,
      999.0,
      25.279582977294922,
      999.0,
      26.101449966430664,
      25.24705696105957,
      23.927072525024414,
      24.461275100708008,
      22.362642288208008,
      999.0,
      999.0,
      999.0,
      25.405136108398438,
      21.764163970947266,
      22.911237716674805,
      22.375484466552734,
      999.0,
      999.0,
      25.837360382080078,
      999.0,
      23.039308547973633,
      25.214458465576172,
      23.737396240234375,
      999.0,
      23.614654541015625,
      22.392993927001953,
      24.726383209228516,
      22.3281307220459,
      999.0,
      22.827468872070312,
      22.384611129760742,
      999.0,
      26.03120231628418,
      22.46265983581543,
      24.340160369873047,
      22.31810760498047,
      25.512958526611328,
      999.0,
      22.115829467773438,
      999.0,
      25.163814544677734,
      27.33583641052246,
      25.712711334228516,
      24.571943283081055,
      22.05459976196289,
      22.96678924560547,
      23.074567794799805,
      22.047765731811523
    ],