{
  "process_models": {
    "PulpHC": {
      "r2_score": 0.9135614716572735,
      "rmse": 6.9163581504406215,
      "feature_importance": {
        "Ore": 0.2144726812839508,
        "WaterMill": 0.11549438536167145,
        "WaterZumpf": 0.4534265398979187,
        "MotorAmp": 0.21660643815994263
      },
      "model_type": "process_model",
      "input_vars": [
        "Ore",
        "WaterMill",
        "WaterZumpf",
        "MotorAmp"
      ],
      "output_var": "PulpHC"
    },
    "DensityHC": {
      "r2_score": 0.8914976973412081,
      "rmse": 6.3668765777311,
      "feature_importance": {
        "Ore": 0.1757260113954544,
        "WaterMill": 0.12876754999160767,
        "WaterZumpf": 0.2968296408653259,
        "MotorAmp": 0.3986767828464508
      },
      "model_type": "process_model",
      "input_vars": [
        "Ore",
        "WaterMill",
        "WaterZumpf",
        "MotorAmp"
      ],
      "output_var": "DensityHC"
    },
    "PressureHC": {
      "r2_score": 0.9166788529346405,
      "rmse": 0.0028212095134737916,
      "feature_importance": {
        "Ore": 0.13735170662403107,
        "WaterMill": 0.11507143825292587,
        "WaterZumpf": 0.686596691608429,
        "MotorAmp": 0.060980163514614105
      },
      "model_type": "process_model",
      "input_vars": [
        "Ore",
        "WaterMill",
        "WaterZumpf",
        "MotorAmp"
      ],
      "output_var": "PressureHC"
    }
  },
  "quality_model": {
    "r2_score": 0.04253599932214336,
    "rmse": 0.8999510397009433,
    "feature_importance": {
      "PulpHC": 0.3092299997806549,
      "DensityHC": 0.4289514124393463,
      "PressureHC": 0.26181861758232117
    },
    "model_type": "quality_model",
    "input_vars": [
      "PulpHC",
      "DensityHC",
      "PressureHC"
    ],
    "output_var": "PSI200",
    "cv_vars": [
      "PulpHC",
      "DensityHC",
      "PressureHC"
    ],
    "dv_vars": []
  },
  "chain_validation": {
    "r2_score": -10638.265380898458,
    "rmse": 97.45744308617003,
    "mae": 10.315193758583487,
    "n_samples": 200,
    "n_requested": 200,
    "predictions": [
      24.413408279418945,
      24.547075271606445,
      24.1502628326416,
      25.060585021972656,
      24.052324295043945,
      24.595476150512695,
      24.0115909576416,
      24.38705825805664,
      24.60358238220215,
      25.027952194213867,
      24.879234313964844,
      24.702613830566406,
      23.740161895751953,
      25.141563415527344,
      24.561613082885742,
      25.496559143066406,
      22.790422439575195,
      25.55061912536621,
      25.791696548461914,
      25.492008209228516,
      24.563936233520508,
      24.89036750793457,
      25.38340950012207,
      23.63033103942871,
      22.839773178100586,
      24.48619270324707,
      24.777545928955078,
      25.417709350585938,
      24.596513748168945,
      999.0,
      25.115278244018555,
      24.920618057250977,
      24.112030029296875,
      23.87796401977539,
      24.890239715576172,
      25.4815731048584,
      24.577974319458008,
      24.74541664123535,
      24.35213851928711,
      24.138288497924805,
      23.75023078918457,
      24.347671508789062,
      24.043397903442383,
      24.02988624572754,
      25.22597885131836,
      24.54557991027832,
      23.712923049926758,
      24.119083404541016,
      24.871814727783203,
      24.78876495361328,
      27.00485610961914,
      25.430192947387695,
      24.88669776916504,
      25.999303817749023,
      24.78656005859375,
      25.232072830200195,
      25.40047264099121,
      25.150657653808594,
      24.82150650024414,
      25.025815963745117,
      24.82415008544922,
      24.158082962036133,
      22.883893966674805,
      24.432823181152344,
      25.14879608154297,
      25.295915603637695,
      24.269756317138672,
      24.655725479125977,
      24.582637786865234,
      23.268009185791016,
      24.1016788482666,
      24.26584243774414,
      26.002023696899414,
      24.26984405517578,
      24.389545440673828,
      25.701684951782227,
      24.20954132080078,
      25.076887130737305,
      24.072589874267578,
      23.305938720703125,
      24.611387252807617,
      25.644981384277344,
      24.603673934936523,
      23.572431564331055,
      25.27350425720215,
      24.71364402770996,
      23.602275848388672,
      25.248422622680664,
      24.8601131439209,
      25.286123275756836,
      24.050764083862305,
      23.768299102783203,
      25.119157791137695,
      24.57817840576172,
      24.034086227416992,
      23.234081268310547,
      24.809904098510742,
      24.58531379699707,
      24.426307678222656,
      24.034086227416992,
      22.92629051208496,
      24.349395751953125,
      25.22196388244629,
      24.66574478149414,
      24.357173919677734,
      23.811748504638672,
      24.159019470214844,
      24.37441062927246,
      25.434213638305664,
      24.72701644897461,
      24.536447525024414,
      24.45367431640625,
      24.966594696044922,
      24.675182342529297,
      26.055675506591797,
      24.403474807739258,
      24.931142807006836,
      25.174522399902344,
      24.541879653930664,
      24.152223587036133,
      25.641645431518555,
      23.700658798217773,
      24.435955047607422,
      24.19930648803711,
      25.02362823486328,
      23.844127655029297,
      25.207427978515625,
      24.235319137573242,
      25.043254852294922,
      23.95322036743164,
      24.57505226135254,
      25.56121253967285,
      24.1476993560791,
      22.855222702026367,
      23.753753662109375,
      25.20412826538086,
      25.391799926757812,
      23.683786392211914,
      25.506614685058594,
      24.514705657958984,
      24.99201774597168,
      24.381681442260742,
      24.068262100219727,
      24.555360794067383,
      24.55759620666504,
      23.77071189880371,
      25.560304641723633,
      23.74188232421875,
      23.742265701293945,
      25.396053314208984,
      24.504131317138672,
      24.593334197998047,
      25.630107879638672,
      23.970821380615234,
      24.276588439941406,
      25.520061492919922,
      24.390159606933594,
      24.05354118347168,
      25.371463775634766,
      25.885597229003906,
      23.910144805908203,
      24.19349479675293,
      24.94249725341797,
      25.329715728759766,
      24.47727394104004,
      999.0,
      24.592256546020508,
      23.89601707458496,
      24.74052619934082,
      25.763046264648438,
      25.68758201599121,
      23.8820858001709,
      24.01514434814453,
      25.562828063964844,
      24.70619773864746,
      23.833459854125977,
      24.5808162689209,
      24.06113624572754,
      23.285606384277344,
      24.375431060791016,
      24.21536636352539,
      24.258302688598633,
      24.391883850097656,
      23.140722274780273,
      24.742475509643555,
      25.798635482788086,
      24.752609252929688,
      24.293447494506836,
      23.277942657470703,
      24.536272048950195,
      24.286104202270508,
      25.504152297973633,
      24.526687622070312,
      24.414566040039062,
      25.473464965820312,
      23.91136360168457,
      25.131799697875977,
      24.543100357055664,
      25.29277801513672,
      24.495201110839844
    ],