{
  "process_models": {
    "DensityHC": {
      "r2_score": 0.9469564586144911,
      "rmse": 7.666049754739956,
      "feature_importance": {
        "Ore": 0.2643873989582062,
        "WaterMill": 0.29668426513671875,
        "WaterZumpf": 0.4389283061027527
      },
      "model_type": "process_model",
      "input_vars": [
        "Ore",
        "WaterMill",
        "WaterZumpf"
      ],
      "output_var": "DensityHC"
    },
    "PulpHC": {
      "r2_score": 0.9816964720888963,
      "rmse": 6.381361960424335,
      "feature_importance": {
        "Ore": 0.25764983892440796,
        "WaterMill": 0.2055753618478775,
        "WaterZumpf": 0.5367748141288757
      },
      "model_type": "process_model",
      "input_vars": [
        "Ore",
        "WaterMill",
        "WaterZumpf"
      ],
      "output_var": "PulpHC"
    },
    "PressureHC": {
      "r2_score": 0.9848065749399447,
      "rmse": 0.0024556486258581014,
      "feature_importance": {
        "Ore": 0.16169409453868866,
        "WaterMill": 0.3028537929058075,
        "WaterZumpf": 0.5354521870613098
      },
      "model_type": "process_model",
      "input_vars": [
        "Ore",
        "WaterMill",
        "WaterZumpf"
      ],
      "output_var": "PressureHC"
    },
    "CirculativeLoad": {
      "r2_score": 0.9816992724220122,
      "rmse": 0.02924366716447406,
      "feature_importance": {
        "Ore": 0.2991829216480255,
        "WaterMill": 0.1950441598892212,
        "WaterZumpf": 0.5057728886604309
      },
      "model_type": "process_model",
      "input_vars": [
        "Ore",
        "WaterMill",
        "WaterZumpf"
      ],
      "output_var": "CirculativeLoad"
    }
  },
  "quality_model": {
    "r2_score": 0.9386319616676135,
    "rmse": 0.4966737910791243,
    "feature_importance": {
      "DensityHC": 0.062065619975328445,
      "PulpHC": 0.07656309008598328,
      "PressureHC": 0.07257691770792007,
      "CirculativeLoad": 0.11575042456388474,
      "Class_15": 0.23305101692676544,
      "Daiki": 0.29572951793670654,
      "FE": 0.0728936716914177,
      "MotorAmp": 0.0713697224855423
    },
    "model_type": "quality_model",
    "input_vars": [
      "DensityHC",
      "PulpHC",
      "PressureHC",
      "CirculativeLoad",
      "Class_15",
      "Daiki",
      "FE",
      "MotorAmp"
    ],
    "output_var": "PSI200",
    "cv_vars": [
      "DensityHC",
      "PulpHC",
      "PressureHC",
      "CirculativeLoad"
    ],
    "dv_vars": [
      "Class_15",
      "Daiki",
      "FE",
      "MotorAmp"
    ]
  },
  "chain_validation": {
    "r2_score": 0.7618395810155696,
    "rmse": 1.0259359393860712,
    "mae": 0.43197321869127997,
    "n_samples": 200,
    "n_requested": 200,
    "predictions": [
      24.20511245727539,
      25.95358657836914,
      27.57068634033203,
      25.006155014038086,
      25.80390739440918,
      28.100954055786133,
      22.868698120117188,
      23.50271224975586,
      26.332361221313477,
      24.070396423339844,
      25.828290939331055,
      24.104450225830078,
      22.021448135375977,
      25.49144744873047,
      23.498464584350586,
      23.875587463378906,
      24.34738540649414,
      21.2130184173584,
      23.701772689819336,
      25.134075164794922,
      25.54094886779785,
      25.828754425048828,
      22.51221466064453,
      24.870038986206055,
      25.252422332763672,
      21.268606185913086,
      24.51999282836914,
      26.456832885742188,
      20.55742645263672,
      26.443519592285156,
      23.546464920043945,
      24.084896087646484,
      22.87953758239746,
      24.031522750854492,
      24.00558853149414,
      24.531497955322266,
      22.990285873413086,
      25.736652374267578,
      25.15924644470215,
      25.532567977905273,
      25.446147918701172,
      23.245573043823242,
      23.400833129882812,
      24.821929931640625,
      25.16965675354004,
      23.741403579711914,
      25.12942123413086,
      25.305347442626953,
      24.742446899414062,
      23.634052276611328,
      25.33635902404785,
      21.732343673706055,
      25.773326873779297,
      27.602628707885742,
      24.54183006286621,
      21.16578483581543,
      22.043445587158203,
      26.981006622314453,
      25.9764347076416,
      25.992921829223633,
      22.554052352905273,
      24.779064178466797,
      23.84494400024414,
      24.585235595703125,
      22.26055145263672,
      24.588642120361328,
      25.122282028198242,
      23.2546443939209,
      23.85028076171875,
      24.856891632080078,
      25.48982810974121,
      22.8862247467041,
      26.15398597717285,
      23.740373611450195,
      25.14090347290039,
      19.72975730895996,
      21.7197265625,
      26.36004066467285,
      26.42414665222168,
      23.918079376220703,
      26.349214553833008,
      24.559194564819336,
      26.638948440551758,
      24.613677978515625,
      20.322813034057617,
      25.331281661987305,
      24.127540588378906,
      21.910417556762695,
      24.38384437561035,
      23.978784561157227,
      25.39386558532715,
      25.53757095336914,
      21.20591926574707,
      24.255538940429688,
      26.013906478881836,
      24.157230377197266,
      26.26427459716797,
      25.933238983154297,
      25.422422409057617,
      24.460241317749023,
      25.037601470947266,
      23.58302879333496,
      24.964879989624023,
      22.608871459960938,
      24.18829345703125,
      22.30545425415039,
      21.3399715423584,
      26.987218856811523,
      23.50214385986328,
      25.782329559326172,
      25.192432403564453,
      22.775352478027344,
      19.326021194458008,
      22.13620948791504,
      23.770797729492188,
      26.924972534179688,
      25.051498413085938,
      25.033796310424805,
      25.31085777282715,
      25.246906280517578,
      28.77125358581543,
      20.912446975708008,
      24.840312957763672,
      23.03227996826172,
      24.53653907775879,
      23.997343063354492,
      27.043516159057617,
      24.62371253967285,
      26.319002151489258,
      27.391895294189453,
      21.094491958618164,
      27.151697158813477,
      24.34266471862793,
      24.01371192932129,
      27.360414505004883,
      24.1452693939209,
      22.31779670715332,
      24.675662994384766,
      24.66954231262207,
      22.36187744140625,
      24.581707000732422,
      26.32984733581543,
      26.314043045043945,
      26.059186935424805,
      25.92186164855957,
      23.173831939697266,
      26.8153018951416,
      25.837066650390625,
      25.06662368774414,
      24.537277221679688,
      25.58542823791504,
      26.485435485839844,
      26.194477081298828,
      24.467355728149414,
      25.70783233642578,
      21.050273895263672,
      23.177217483520508,
      22.41384506225586,
      23.62355613708496,
      25.610488891601562,
      23.640321731567383,
      26.66509437561035,
      24.08453369140625,
      23.10701560974121,
      24.99016571044922,
      26.434289932250977,
      24.94819450378418,
      23.714221954345703,
      24.007354736328125,
      27.250999450683594,
      22.750993728637695,
      24.269147872924805,
      25.209819793701172,
      25.231403350830078,
      27.187519073486328,
      23.897598266601562,
      21.24017906188965,
      24.48171615600586,
      25.197843551635742,
      23.403301239013672,
      25.102209091186523,
      25.24636459350586,
      19.702083587646484,
      26.610937118530273,
      25.911136627197266,
      20.272823333740234,
      26.099424362182617,
      23.388578414916992,
      19.341482162475586,
      25.40347671508789,
      24.16387176513672,
      25.88922119140625,
      24.520769119262695,
      23.827800750732422,
      23.90026092529297,
      24.34170913696289,
      24.2534122467041,
      24.943513870239258,
      22.39927864074707,
      26.009479522705078
    ],