{
  "process_models": {
    "PulpHC": {
      "r2_score": 0.8723255858819201,
      "rmse": 25.879643226466282,
      "feature_importance": {
        "Ore": 0.21208682656288147,
        "WaterMill": 0.2093290388584137,
        "WaterZumpf": 0.20381377637386322,
        "MotorAmp": 0.3747703433036804
      },
      "model_type": "process_model",
      "input_vars": [
        "Ore",
        "WaterMill",
        "WaterZumpf",
        "MotorAmp"
      ],
      "output_var": "PulpHC"
    },
    "DensityHC": {
      "r2_score": 0.8911107128112291,
      "rmse": 15.687346132382697,
      "feature_importance": {
        "Ore": 0.24044917523860931,
        "WaterMill": 0.20587216317653656,
        "WaterZumpf": 0.35964545607566833,
        "MotorAmp": 0.19403322041034698
      },
      "model_type": "process_model",
      "input_vars": [
        "Ore",
        "WaterMill",
        "WaterZumpf",
        "MotorAmp"
      ],
      "output_var": "DensityHC"
    },
    "PressureHC": {
      "r2_score": 0.9316105327143928,
      "rmse": 0.009325547658120601,
      "feature_importance": {
        "Ore": 0.30443382263183594,
        "WaterMill": 0.2034597098827362,
        "WaterZumpf": 0.2107703983783722,
        "MotorAmp": 0.28133606910705566
      },
      "model_type": "process_model",
      "input_vars": [
        "Ore",
        "WaterMill",
        "WaterZumpf",
        "MotorAmp"
      ],
      "output_var": "PressureHC"
    }
  },
  "quality_model": {
    "r2_score": -0.850486581570969,
    "rmse": 1.9516231796698251,
    "feature_importance": {
      "PulpHC": 0.18929855525493622,
      "DensityHC": 0.397502064704895,
      "PressureHC": 0.4131993055343628
    },
    "model_type": "quality_model",
    "input_vars": [
      "PulpHC",
      "DensityHC",
      "PressureHC"
    ],
    "output_var": "PSI200",
    "cv_vars": [
      "PulpHC",
      "DensityHC",
      "PressureHC"
    ],
    "dv_vars": []
  },
  "chain_validation": {
    "r2_score": -19497.73458339492,
    "rmse": 322.8250416992933,
    "mae": 108.10159826815885,
    "n_samples": 200,
    "n_requested": 200,
    "predictions": [
      19.150691986083984,
      26.510845184326172,
      24.596986770629883,
      26.11870574951172,
      22.581390380859375,
      999.0,
      24.321054458618164,
      28.695831298828125,
      26.128883361816406,
      24.49761390686035,
      26.939943313598633,
      22.24945068359375,
      999.0,
      26.230188369750977,
      999.0,
      28.61861228942871,
      22.882314682006836,
      22.739173889160156,
      25.54914093017578,
      25.798789978027344,
      22.758241653442383,
      23.923913955688477,
      22.847200393676758,
      27.05228042602539,
      26.007041931152344,
      26.085811614990234,
      21.506166458129883,
      27.372028350830078,
      27.09487533569336,
      21.91732406616211,
      26.878009796142578,
      24.266366958618164,
      23.681537628173828,
      999.0,
      26.964981079101562,
      27.978628158569336,
      27.250757217407227,
      21.704856872558594,
      22.558778762817383,
      21.51165199279785,
      24.905254364013672,
      26.13501739501953,
      24.40374755859375,
      24.468685150146484,
      26.648000717163086,
      23.618850708007812,
      24.44739532470703,
      27.09842300415039,
      28.871610641479492,
      25.9885196685791,
      23.744516372680664,
      24.12177085876465,
      23.787729263305664,
      23.421987533569336,
      24.34310531616211,
      999.0,
      23.944931030273438,
      22.363670349121094,
      27.079830169677734,
      25.686878204345703,
      22.537561416625977,
      999.0,
      999.0,
      26.17449188232422,
      25.936019897460938,
      24.412853240966797,
      25.582944869995117,
      26.858314514160156,
      24.92730712890625,
      999.0,
      26.09639549255371,
      25.052114486694336,
      24.541152954101562,
      26.02808952331543,
      28.928131103515625,
      26.787206649780273,
      26.60578727722168,
      23.261852264404297,
      22.509979248046875,
      22.10045623779297,
      22.121299743652344,
      24.212112426757812,
      24.35578727722168,
      26.050695419311523,
      24.56791877746582,
      26.680198669433594,
      999.0,
      27.671615600585938,
      22.695173263549805,
      20.217554092407227,
      24.744497299194336,
      23.05998992919922,
      29.88387107849121,
      23.874130249023438,
      25.66755485534668,
      24.93197250366211,
      25.619760513305664,
      25.82915687561035,
      24.997207641601562,
      23.82919692993164,
      26.441434860229492,
      23.648683547973633,
      999.0,
      27.22391700744629,
      23.7287540435791,
      24.939762115478516,
      26.861223220825195,
      25.642745971679688,
      22.538101196289062,
      23.926435470581055,
      999.0,
      27.496706008911133,
      23.637014389038086,
      24.579498291015625,
      23.18487548828125,
      24.55083656311035,
      999.0,
      26.399240493774414,
      24.672901153564453,
      24.486644744873047,
      999.0,
      23.413650512695312,
      20.93565559387207,
      28.5105037689209,
      27.139896392822266,
      999.0,
      24.569761276245117,
      28.984439849853516,
      21.6580753326416,
      23.33675193786621,
      25.41749382019043,
      23.83059310913086,
      25.899404525756836,
      21.064815521240234,
      23.363201141357422,
      24.028385162353516,
      25.95534324645996,
      999.0,
      19.3182373046875,
      27.580610275268555,
      28.1296443939209,
      21.845195770263672,
      24.90946388244629,
      23.566396713256836,
      999.0,
      28.08287239074707,
      27.220233917236328,
      999.0,
      23.522899627685547,
      26.403135299682617,
      24.231775283813477,
      999.0,
      25.413347244262695,
      23.353647232055664,
      23.44927978515625,
      24.85077667236328,
      999.0,
      23.880979537963867,
      28.084272384643555,
      25.627710342407227,
      25.0387020111084,
      27.070314407348633,
      26.983612060546875,
      22.753942489624023,
      999.0,
      28.350156784057617,
      23.617435455322266,
      23.893213272094727,
      26.263551712036133,
      25.815916061401367,
      999.0,
      999.0,
      28.362558364868164,
      27.814937591552734,
      26.206907272338867,
      23.54741859436035,
      27.287864685058594,
      26.21050453186035,
      27.808937072753906,
      24.281606674194336,
      25.845809936523438,
      24.758607864379883,
      27.098068237304688,
      25.686878204345703,
      26.005725860595703,
      26.478721618652344,
      25.441377639770508,
      24.424633026123047,
      27.74125862121582,
      25.058704376220703,
      26.88975715637207,
      24.829362869262695,
      24.108055114746094,
      22.323095321655273,
      23.605310440063477,
      25.16942024230957,
      23.075807571411133,
      26.4744873046875,
      25.751590728759766,
      25.091718673706055
    ],