{
  "process_models": {
    "DensityHC": {
      "r2_score": 0.9659765082298731,
      "rmse": 11.47787619038566,
      "feature_importance": {
        "Ore": 0.2781935930252075,
        "WaterMill": 0.36019599437713623,
        "WaterZumpf": 0.36161044239997864
      },
      "model_type": "process_model",
      "input_vars": [
        "Ore",
        "WaterMill",
        "WaterZumpf"
      ],
      "output_var": "DensityHC"
    },
    "PulpHC": {
      "r2_score": 0.9802746706628047,
      "rmse": 11.521710445748115,
      "feature_importance": {
        "Ore": 0.23982658982276917,
        "WaterMill": 0.3209393620491028,
        "WaterZumpf": 0.43923404812812805
      },
      "model_type": "process_model",
      "input_vars": [
        "Ore",
        "WaterMill",
        "WaterZumpf"
      ],
      "output_var": "PulpHC"
    },
    "PressureHC": {
      "r2_score": 0.9904065910189204,
      "rmse": 0.0031586223769864757,
      "feature_importance": {
        "Ore": 0.2869813144207001,
        "WaterMill": 0.2546655535697937,
        "WaterZumpf": 0.4583531320095062
      },
      "model_type": "process_model",
      "input_vars": [
        "Ore",
        "WaterMill",
        "WaterZumpf"
      ],
      "output_var": "PressureHC"
    },
    "CirculativeLoad": {
      "r2_score": 0.9811513575979786,
      "rmse": 0.04010680114599867,
      "feature_importance": {
        "Ore": 0.28892257809638977,
        "WaterMill": 0.2696070075035095,
        "WaterZumpf": 0.4414704740047455
      },
      "model_type": "process_model",
      "input_vars": [
        "Ore",
        "WaterMill",
        "WaterZumpf"
      ],
      "output_var": "CirculativeLoad"
    }
  },
  "quality_model": {
    "r2_score": 0.9895316590990743,
    "rmse": 0.23698048843872005,
    "feature_importance": {
      "DensityHC": 0.09353744238615036,
      "PulpHC": 0.06696648895740509,
      "PressureHC": 0.07575288414955139,
      "CirculativeLoad": 0.10098018497228622,
      "Class_15": 0.2028515636920929,
      "Daiki": 0.24477635324001312,
      "FE": 0.129659965634346,
      "MotorAmp": 0.0854751467704773
    },
    "model_type": "quality_model",
    "input_vars": [
      "DensityHC",
      "PulpHC",
      "PressureHC",
      "CirculativeLoad",
      "Class_15",
      "Daiki",
      "FE",
      "MotorAmp"
    ],
    "output_var": "PSI200",
    "cv_vars": [
      "DensityHC",
      "PulpHC",
      "PressureHC",
      "CirculativeLoad"
    ],
    "dv_vars": [
      "Class_15",
      "Daiki",
      "FE",
      "MotorAmp"
    ]
  },
  "chain_validation": {
    "r2_score": -0.005572889111615575,
    "rmse": 353.1121873783718,
    "mae": 25.560058885408797,
    "n_samples": 200,
    "n_requested": 200,
    "predictions": [
      26.567577362060547,
      24.320222854614258,
      26.7403621673584,
      26.641950607299805,
      24.815837860107422,
      24.9484920501709,
      24.78997802734375,
      24.84156608581543,
      23.116798400878906,
      20.774433135986328,
      27.43114471435547,
      24.304048538208008,
      28.172746658325195,
      25.38599967956543,
      24.73812484741211,
      23.427391052246094,
      28.3159122467041,
      25.46608543395996,
      26.38350486755371,
      27.96621322631836,
      24.971803665161133,
      26.338123321533203,
      24.44206428527832,
      23.759565353393555,
      25.8700008392334,
      24.464298248291016,
      24.596115112304688,
      26.712493896484375,
      23.332130432128906,
      25.04566192626953,
      26.458120346069336,
      25.50722312927246,
      28.800342559814453,
      26.55559539794922,
      22.887157440185547,
      23.733509063720703,
      25.053068161010742,
      29.525554656982422,
      25.324113845825195,
      26.133405685424805,
      23.844480514526367,
      22.250577926635742,
      27.882488250732422,
      24.87613296508789,
      25.02750587463379,
      26.346214294433594,
      19.66843032836914,
      20.628938674926758,
      24.095211029052734,
      25.087276458740234,
      23.27399444580078,
      25.58486557006836,
      25.033889770507812,
      23.622751235961914,
      29.19908905029297,
      24.128162384033203,
      18.95958137512207,
      25.73029136657715,
      24.999897003173828,
      28.88176155090332,
      27.163406372070312,
      22.242347717285156,
      24.9832763671875,
      25.133230209350586,
      25.526107788085938,
      24.616907119750977,
      28.991268157958984,
      29.12174415588379,
      26.223796844482422,
      24.510944366455078,
      28.189132690429688,
      25.17055892944336,
      26.68813133239746,
      23.783906936645508,
      27.355266571044922,
      19.213594436645508,
      25.70292091369629,
      28.213714599609375,
      26.173799514770508,
      26.732521057128906,
      18.69418716430664,
      23.993377685546875,
      24.35936164855957,
      24.02431869506836,
      28.537660598754883,
      29.549772262573242,
      22.611635208129883,
      25.974409103393555,
      29.12898063659668,
      22.098812103271484,
      23.661540985107422,
      20.660144805908203,
      24.661117553710938,
      27.127614974975586,
      24.793689727783203,
      25.218021392822266,
      23.41362190246582,
      23.849809646606445,
      28.611875534057617,
      24.266462326049805,
      26.45661163330078,
      24.628461837768555,
      26.453723907470703,
      22.913362503051758,
      24.253820419311523,
      25.036008834838867,
      24.19002342224121,
      23.66521644592285,
      25.17737579345703,
      27.965200424194336,
      26.01131820678711,
      25.950511932373047,
      25.367809295654297,
      24.823915481567383,
      23.04250717163086,
      26.763097763061523,
      26.91570281982422,
      25.288555145263672,
      26.859594345092773,
      24.899234771728516,
      23.539194107055664,
      28.948469161987305,
      19.119096755981445,
      27.57271957397461,
      27.52230453491211,
      28.014097213745117,
      27.149555206298828,
      22.37241554260254,
      26.578205108642578,
      24.677438735961914,
      26.36315155029297,
      24.535879135131836,
      23.222902297973633,
      25.673236846923828,
      26.57003402709961,
      25.957164764404297,
      24.44222068786621,
      22.724586486816406,
      22.74113655090332,
      23.559907913208008,
      23.220489501953125,
      27.941328048706055,
      28.006492614746094,
      25.03225326538086,
      26.011981964111328,
      23.633411407470703,
      24.604507446289062,
      27.16085433959961,
      23.404600143432617,
      27.92605209350586,
      27.91472816467285,
      23.746278762817383,
      29.18456268310547,
      22.92172622680664,
      24.72165298461914,
      24.765602111816406,
      25.184345245361328,
      25.439611434936523,
      26.183917999267578,
      26.13276481628418,
      27.21590805053711,
      26.85181999206543,
      26.223711013793945,
      27.221664428710938,
      26.59120750427246,
      23.462038040161133,
      29.126171112060547,
      22.55510139465332,
      23.805885314941406,
      28.658815383911133,
      25.48813819885254,
      27.467063903808594,
      23.690011978149414,
      25.034656524658203,
      25.535049438476562,
      25.311647415161133,
      26.661466598510742,
      25.027767181396484,
      23.647483825683594,
      24.144201278686523,
      24.157733917236328,
      21.01630210876465,
      26.591999053955078,
      24.22834587097168,
      27.546724319458008,
      24.560087203979492,
      22.848384857177734,
      25.729164123535156,
      23.574115753173828,
      17.802734375,
      28.038745880126953,
      24.67643165588379,
      27.138444900512695,
      22.93990135192871,
      24.82759666442871,
      25.605731964111328,
      22.600332260131836,
      23.14730453491211,
      26.4786434173584,
      25.325820922851562
    ],