{
  "process_models": {
    "PulpHC": {
      "r2_score": 0.9096765085076792,
      "rmse": 22.884504482336418,
      "feature_importance": {
        "Ore": 0.17655563354492188,
        "WaterMill": 0.16420352458953857,
        "WaterZumpf": 0.24452155828475952,
        "MotorAmp": 0.4147193133831024
      },
      "model_type": "process_model",
      "input_vars": [
        "Ore",
        "WaterMill",
        "WaterZumpf",
        "MotorAmp"
      ],
      "output_var": "PulpHC"
    },
    "DensityHC": {
      "r2_score": 0.9340961447318917,
      "rmse": 13.872987426831466,
      "feature_importance": {
        "Ore": 0.35483884811401367,
        "WaterMill": 0.14697928726673126,
        "WaterZumpf": 0.29735079407691956,
        "MotorAmp": 0.20083113014698029
      },
      "model_type": "process_model",
      "input_vars": [
        "Ore",
        "WaterMill",
        "WaterZumpf",
        "MotorAmp"
      ],
      "output_var": "DensityHC"
    },
    "PressureHC": {
      "r2_score": 0.9321169430957482,
      "rmse": 0.005814444304937377,
      "feature_importance": {
        "Ore": 0.180301696062088,
        "WaterMill": 0.17630960047245026,
        "WaterZumpf": 0.24982570111751556,
        "MotorAmp": 0.39356303215026855
      },
      "model_type": "process_model",
      "input_vars": [
        "Ore",
        "WaterMill",
        "WaterZumpf",
        "MotorAmp"
      ],
      "output_var": "PressureHC"
    }
  },
  "quality_model": {
    "r2_score": -13.406981982652463,
    "rmse": 600.8054307790914,
    "feature_importance": {
      "PulpHC": 0.3414250612258911,
      "DensityHC": 0.39271706342697144,
      "PressureHC": 0.26585790514945984
    },
    "model_type": "quality_model",
    "input_vars": [
      "PulpHC",
      "DensityHC",
      "PressureHC"
    ],
    "output_var": "PSI200",
    "cv_vars": [
      "PulpHC",
      "DensityHC",
      "PressureHC"
    ],
    "dv_vars": []
  },
  "chain_validation": {
    "r2_score": -14601.61152894022,
    "rmse": 266.43724351505205,
    "mae": 74.24084918234075,
    "n_samples": 200,
    "n_requested": 200,
    "predictions": [
      19.42612648010254,
      25.78904914855957,
      26.425865173339844,
      23.90108299255371,
      26.644954681396484,
      25.569355010986328,
      25.80086898803711,
      24.49938201904297,
      999.0,
      24.384244918823242,
      27.24886703491211,
      25.9298038482666,
      28.114469528198242,
      29.87533950805664,
      24.33372688293457,
      29.041011810302734,
      24.62150764465332,
      24.12401008605957,
      30.496244430541992,
      27.736722946166992,
      27.057727813720703,
      27.101329803466797,
      23.817848205566406,
      24.131027221679688,
      23.988561630249023,
      24.260732650756836,
      999.0,
      24.468027114868164,
      27.746305465698242,
      25.18177604675293,
      24.334768295288086,
      24.535402297973633,
      24.87596321105957,
      23.99138641357422,
      24.435209274291992,
      24.41401481628418,
      24.39678382873535,
      23.937196731567383,
      24.183069229125977,
      26.102191925048828,
      24.771621704101562,
      25.168216705322266,
      27.18243980407715,
      26.480411529541016,
      24.67323875427246,
      28.769622802734375,
      26.86484718322754,
      27.657215118408203,
      24.328388214111328,
      29.621379852294922,
      23.441572189331055,
      25.81378936767578,
      25.154512405395508,
      27.082773208618164,
      25.19139289855957,
      63.560909271240234,
      25.745500564575195,
      24.260732650756836,
      26.1889591217041,
      23.858318328857422,
      999.0,
      27.8111515045166,
      24.365510940551758,
      25.117576599121094,
      28.818830490112305,
      27.710128784179688,
      24.484750747680664,
      25.986602783203125,
      24.33484649658203,
      25.90183448791504,
      28.212017059326172,
      24.066316604614258,
      24.391450881958008,
      24.24120330810547,
      25.17778778076172,
      25.676620483398438,
      27.846433639526367,
      23.817848205566406,
      25.38277244567871,
      23.986404418945312,
      31.171419143676758,
      28.114469528198242,
      25.234539031982422,
      24.046140670776367,
      24.568635940551758,
      24.657068252563477,
      26.71121597290039,
      999.0,
      999.0,
      25.893404006958008,
      27.0758056640625,
      24.822111129760742,
      29.049514770507812,
      27.960552215576172,
      23.858318328857422,
      27.869028091430664,
      999.0,
      25.51799774169922,
      24.96095848083496,
      25.2296142578125,
      23.817848205566406,
      24.827320098876953,
      25.58785057067871,
      25.689382553100586,
      27.564218521118164,
      29.2127628326416,
      24.293195724487305,
      25.244613647460938,
      26.11258316040039,
      999.0,
      30.09725570678711,
      27.13103675842285,
      27.939748764038086,
      24.234222412109375,
      999.0,
      25.99980354309082,
      26.5771484375,
      29.15053939819336,
      24.390796661376953,
      999.0,
      25.843189239501953,
      25.558021545410156,
      29.515260696411133,
      24.386072158813477,
      25.78929328918457,
      22.609663009643555,
      23.95817756652832,
      28.761474609375,
      24.467958450317383,
      27.476009368896484,
      999.0,
      25.850475311279297,
      24.40979766845703,
      25.137592315673828,
      24.467958450317383,
      25.994022369384766,
      23.358030319213867,
      24.05153465270996,
      28.526029586791992,
      24.509979248046875,
      24.34075927734375,
      25.848148345947266,
      27.657215118408203,
      25.893404006958008,
      25.569355010986328,
      24.33372688293457,
      25.99819564819336,
      26.16209602355957,
      26.27430534362793,
      24.959007263183594,
      27.297433853149414,
      25.412288665771484,
      26.7464542388916,
      24.464271545410156,
      31.824939727783203,
      25.076946258544922,
      999.0,
      25.138620376586914,
      27.991294860839844,
      57.22614669799805,
      24.384244918823242,
      24.611644744873047,
      27.804203033447266,
      24.483097076416016,
      21.56159782409668,
      29.28240203857422,
      26.841814041137695,
      23.901992797851562,
      25.72129249572754,
      22.654756546020508,
      23.998647689819336,
      30.437271118164062,
      22.656904220581055,
      25.125642776489258,
      29.651491165161133,
      26.69980239868164,
      24.066316604614258,
      999.0,
      25.365234375,
      27.91196060180664,
      24.797550201416016,
      24.066316604614258,
      24.464271545410156,
      27.71443748474121,
      25.385164260864258,
      29.0869197845459,
      24.007137298583984,
      24.590299606323242,
      24.893796920776367,
      23.817848205566406,
      24.87532615661621,
      25.90768051147461,
      999.0,
      28.944852828979492,
      24.260732650756836,
      24.842987060546875,
      999.0,
      24.85732078552246,
      25.796009063720703,
      999.0
    ],