{
  "process_models": {
    "DensityHC": {
      "r2_score": 0.4762981608122948,
      "rmse": 44.96476684023368,
      "feature_importance": {
        "Ore": 0.2632771134376526,
        "WaterMill": 0.3351422846317291,
        "WaterZumpf": 0.4015805721282959
      },
      "model_type": "process_model",
      "input_vars": [
        "Ore",
        "WaterMill",
        "WaterZumpf"
      ],
      "output_var": "DensityHC"
    },
    "PulpHC": {
      "r2_score": 0.6056905843500766,
      "rmse": 50.15468171817841,
      "feature_importance": {
        "Ore": 0.25069740414619446,
        "WaterMill": 0.33033815026283264,
        "WaterZumpf": 0.4189644753932953
      },
      "model_type": "process_model",
      "input_vars": [
        "Ore",
        "WaterMill",
        "WaterZumpf"
      ],
      "output_var": "PulpHC"
    },
    "PressureHC": {
      "r2_score": 0.45563623571109957,
      "rmse": 0.021402525458115367,
      "feature_importance": {
        "Ore": 0.39650237560272217,
        "WaterMill": 0.26986604928970337,
        "WaterZumpf": 0.33363163471221924
      },
      "model_type": "process_model",
      "input_vars": [
        "Ore",
        "WaterMill",
        "WaterZumpf"
      ],
      "output_var": "PressureHC"
    },
    "CirculativeLoad": {
      "r2_score": 0.5461071583100874,
      "rmse": 0.1974249846337186,
      "feature_importance": {
        "Ore": 0.31765592098236084,
        "WaterMill": 0.2842849791049957,
        "WaterZumpf": 0.39805909991264343
      },
      "model_type": "process_model",
      "input_vars": [
        "Ore",
        "WaterMill",
        "WaterZumpf"
      ],
      "output_var": "CirculativeLoad"
    }
  },
  "quality_model": {
    "r2_score": 0.9893011510713405,
    "rmse": 0.23697192942022102,
    "feature_importance": {
      "DensityHC": 0.08712335675954819,
      "PulpHC": 0.08939267694950104,
      "PressureHC": 0.07815557718276978,
      "CirculativeLoad": 0.08363797515630722,
      "Class_15": 0.23618890345096588,
      "Daiki": 0.2049296349287033,
      "FE": 0.10979826748371124,
      "MotorAmp": 0.11077361553907394
    },
    "model_type": "quality_model",
    "input_vars": [
      "DensityHC",
      "PulpHC",
      "PressureHC",
      "CirculativeLoad",
      "Class_15",
      "Daiki",
      "FE",
      "MotorAmp"
    ],
    "output_var": "PSI200",
    "cv_vars": [
      "DensityHC",
      "PulpHC",
      "PressureHC",
      "CirculativeLoad"
    ],
    "dv_vars": [
      "Class_15",
      "Daiki",
      "FE",
      "MotorAmp"
    ]
  },
  "chain_validation": {
    "r2_score": -113.2999272021069,
    "rmse": 132.43718028364668,
    "mae": 131.80772570610046,
    "n_samples": 200,
    "n_requested": 200,
    "predictions": [
      20.66573715209961,
      23.62318992614746,
      26.542041778564453,
      23.66867446899414,
      25.10638427734375,
      19.861173629760742,
      25.762161254882812,
      19.703346252441406,
      26.15034294128418,
      22.37241554260254,
      23.867435455322266,
      25.36404800415039,
      20.564455032348633,
      24.271488189697266,
      26.039661407470703,
      22.73746681213379,
      21.85967445373535,
      21.066423416137695,
      20.85561180114746,
      24.52123260498047,
      22.453346252441406,
      24.311323165893555,
      23.00786018371582,
      23.376750946044922,
      24.83917999267578,
      23.93062400817871,
      21.296449661254883,
      22.018341064453125,
      22.2080020904541,
      20.98013687133789,
      22.074804306030273,
      23.91647720336914,
      23.65420150756836,
      23.737974166870117,
      23.38679313659668,
      21.128524780273438,
      23.539995193481445,
      25.52958106994629,
      23.570295333862305,
      24.708778381347656,
      25.906625747680664,
      25.284109115600586,
      21.958826065063477,
      24.167766571044922,
      23.61212158203125,
      25.06046485900879,
      25.569202423095703,
      22.577116012573242,
      24.085033416748047,
      24.320791244506836,
      24.80046272277832,
      23.485872268676758,
      23.75199317932129,
      22.8241024017334,
      24.292694091796875,
      25.12175178527832,
      23.130355834960938,
      24.517641067504883,
      24.271137237548828,
      20.836116790771484,
      25.951934814453125,
      24.22783851623535,
      23.069725036621094,
      23.653087615966797,
      24.12026023864746,
      23.111446380615234,
      26.220354080200195,
      22.090730667114258,
      24.501991271972656,
      26.101774215698242,
      24.079835891723633,
      25.4440975189209,
      23.578855514526367,
      24.365312576293945,
      21.620922088623047,
      24.06969451904297,
      23.66686248779297,
      25.5445613861084,
      22.510759353637695,
      22.878807067871094,
      23.98238754272461,
      23.128660202026367,
      23.732824325561523,
      24.47796630859375,
      23.737810134887695,
      23.47195053100586,
      25.130035400390625,
      25.33954429626465,
      26.188655853271484,
      23.531145095825195,
      23.177095413208008,
      23.767974853515625,
      26.04861831665039,
      23.781251907348633,
      24.340373992919922,
      25.150991439819336,
      24.216257095336914,
      21.227378845214844,
      21.53998374938965,
      24.02284049987793,
      24.360973358154297,
      25.556888580322266,
      26.034828186035156,
      26.005870819091797,
      24.17441177368164,
      23.215856552124023,
      24.296297073364258,
      24.396469116210938,
      23.121612548828125,
      25.808488845825195,
      20.831525802612305,
      26.19112205505371,
      25.294170379638672,
      23.73528289794922,
      24.104393005371094,
      24.39080238342285,
      23.456703186035156,
      25.33357048034668,
      24.271137237548828,
      23.60022735595703,
      24.19559669494629,
      22.912017822265625,
      21.207359313964844,
      25.151376724243164,
      25.039289474487305,
      22.97869110107422,
      21.993581771850586,
      24.331695556640625,
      23.95064353942871,
      25.984939575195312,
      24.83216667175293,
      24.08384895324707,
      24.59024429321289,
      26.786264419555664,
      23.954336166381836,
      24.448328018188477,
      23.15403175354004,
      24.310914993286133,
      20.369281768798828,
      22.43993377685547,
      26.41962432861328,
      21.687625885009766,
      24.909576416015625,
      23.43724250793457,
      28.04569435119629,
      22.095754623413086,
      21.06093978881836,
      23.152509689331055,
      17.48082160949707,
      24.739809036254883,
      25.038782119750977,
      21.932403564453125,
      23.984983444213867,
      24.242189407348633,
      28.140342712402344,
      23.98817253112793,
      24.157764434814453,
      25.667104721069336,
      24.730894088745117,
      25.18495750427246,
      23.809144973754883,
      24.90265464782715,
      26.1314697265625,
      25.05467987060547,
      26.28567886352539,
      23.829065322875977,
      24.150537490844727,
      25.798810958862305,
      24.498781204223633,
      25.91880226135254,
      21.397663116455078,
      24.530717849731445,
      23.30482292175293,
      22.45952796936035,
      24.27228546142578,
      23.233165740966797,
      24.873868942260742,
      26.201499938964844,
      23.508037567138672,
      23.56365966796875,
      22.980754852294922,
      24.420787811279297,
      20.94161033630371,
      24.321096420288086,
      22.763534545898438,
      24.03944206237793,
      25.835861206054688,
      23.772348403930664,
      25.814485549926758,
      23.667098999023438,
      24.15195083618164,
      25.745838165283203,
      24.667137145996094,
      26.01553726196289,
      23.936561584472656,
      23.066904067993164,
      24.259681701660156,
      26.350528717041016,
      25.74563980102539,
      25.591632843017578
    ],