{
  "process_models": {
    "DensityHC": {
      "r2_score": 0.49802642641778516,
      "rmse": 18.053779470197053,
      "feature_importance": {
        "Ore": 0.2519740164279938,
        "WaterMill": 0.3690033257007599,
        "WaterZumpf": 0.37902262806892395
      },
      "model_type": "process_model",
      "input_vars": [
        "Ore",
        "WaterMill",
        "WaterZumpf"
      ],
      "output_var": "DensityHC"
    },
    "PulpHC": {
      "r2_score": 0.5094040224251903,
      "rmse": 16.57610271685513,
      "feature_importance": {
        "Ore": 0.22207750380039215,
        "WaterMill": 0.2867848575115204,
        "WaterZumpf": 0.49113762378692627
      },
      "model_type": "process_model",
      "input_vars": [
        "Ore",
        "WaterMill",
        "WaterZumpf"
      ],
      "output_var": "PulpHC"
    },
    "PressureHC": {
      "r2_score": 0.7616587994711425,
      "rmse": 0.01942415231081563,
      "feature_importance": {
        "Ore": 0.1547926664352417,
        "WaterMill": 0.2359149307012558,
        "WaterZumpf": 0.6092923879623413
      },
      "model_type": "process_model",
      "input_vars": [
        "Ore",
        "WaterMill",
        "WaterZumpf"
      ],
      "output_var": "PressureHC"
    },
    "CirculativeLoad": {
      "r2_score": 0.358301684645556,
      "rmse": 0.15272290068086172,
      "feature_importance": {
        "Ore": 0.3825036883354187,
        "WaterMill": 0.21895426511764526,
        "WaterZumpf": 0.3985420763492584
      },
      "model_type": "process_model",
      "input_vars": [
        "Ore",
        "WaterMill",
        "WaterZumpf"
      ],
      "output_var": "CirculativeLoad"
    }
  },
  "quality_model": {
    "r2_score": 0.7892926318895215,
    "rmse": 0.8591120896947477,
    "feature_importance": {
      "DensityHC": 0.20856128633022308,
      "PulpHC": 0.11353600025177002,
      "PressureHC": 0.0995120257139206,
      "CirculativeLoad": 0.0873313620686531,
      "Class_15": 0.15141548216342926,
      "Daiki": 0.18818219006061554,
      "FE": 0.1514616757631302
    },
    "model_type": "quality_model",
    "input_vars": [
      "DensityHC",
      "PulpHC",
      "PressureHC",
      "CirculativeLoad",
      "Class_15",
      "Daiki",
      "FE"
    ],
    "output_var": "PSI200",
    "cv_vars": [
      "DensityHC",
      "PulpHC",
      "PressureHC",
      "CirculativeLoad"
    ],
    "dv_vars": [
      "Class_15",
      "Daiki",
      "FE"
    ]
  },
  "chain_validation": {
    "r2_score": 0.5447967432953288,
    "rmse": 1.4613285331440244,
    "mae": 0.9647542761638472,
    "n_samples": 200,
    "n_requested": 200,
    "predictions": [
      21.808889389038086,
      23.954315185546875,
      24.60955238342285,
      22.723234176635742,
      23.479625701904297,
      24.180301666259766,
      22.469112396240234,
      23.65958595275879,
      22.726423263549805,
      22.413190841674805,
      20.313886642456055,
      20.923870086669922,
      20.827116012573242,
      20.553312301635742,
      24.474956512451172,
      21.205167770385742,
      21.422313690185547,
      22.500232696533203,
      21.27398681640625,
      23.003862380981445,
      24.314071655273438,
      21.781919479370117,
      23.743785858154297,
      21.97909927368164,
      25.07547950744629,
      21.155439376831055,
      22.416767120361328,
      22.67483901977539,
      23.354991912841797,
      22.768287658691406,
      22.48727035522461,
      22.603666305541992,
      19.406463623046875,
      22.35822868347168,
      21.586544036865234,
      22.75334358215332,
      22.23213005065918,
      21.240964889526367,
      23.428543090820312,
      20.846206665039062,
      21.828250885009766,
      22.0535831451416,
      22.50800895690918,
      23.673784255981445,
      22.656604766845703,
      22.314498901367188,
      24.171308517456055,
      23.945579528808594,
      21.15508460998535,
      22.638591766357422,
      23.424589157104492,
      21.339054107666016,
      22.96870231628418,
      23.47255516052246,
      19.604223251342773,
      21.353010177612305,
      22.59760284423828,
      20.727014541625977,
      21.876379013061523,
      22.894777297973633,
      22.581157684326172,
      20.4716854095459,
      22.13325309753418,
      24.314071655273438,
      23.03111457824707,
      21.22551918029785,
      21.661867141723633,
      19.865671157836914,
      24.595579147338867,
      20.66598892211914,
      22.659996032714844,
      21.6872501373291,
      21.832809448242188,
      22.619997024536133,
      23.458356857299805,
      23.172861099243164,
      21.697694778442383,
      22.533849716186523,
      24.228445053100586,
      22.97938346862793,
      20.658132553100586,
      22.380035400390625,
      22.07383155822754,
      23.39763069152832,
      21.083288192749023,
      20.60929298400879,
      24.969881057739258,
      21.245651245117188,
      22.548675537109375,
      24.20526695251465,
      22.774620056152344,
      22.698610305786133,
      22.273775100708008,
      23.51630401611328,
      21.204931259155273,
      23.954315185546875,
      21.45997428894043,
      23.41594886779785,
      22.075769424438477,
      22.502342224121094,
      24.59890365600586,
      22.007408142089844,
      22.92670440673828,
      22.538063049316406,
      23.083765029907227,
      22.425817489624023,
      23.020164489746094,
      21.96996307373047,
      22.656604766845703,
      22.768287658691406,
      22.765151977539062,
      22.761587142944336,
      23.934865951538086,
      20.35384750366211,
      22.802648544311523,
      24.314071655273438,
      24.206241607666016,
      20.510896682739258,
      23.374658584594727,
      21.941434860229492,
      21.858842849731445,
      19.81476593017578,
      22.68412971496582,
      21.97091293334961,
      22.68412971496582,
      22.638591766357422,
      21.50946807861328,
      21.20642852783203,
      23.422094345092773,
      24.034568786621094,
      24.314071655273438,
      22.740814208984375,
      19.81476593017578,
      23.344831466674805,
      23.919382095336914,
      23.001758575439453,
      24.228445053100586,
      20.923870086669922,
      23.803821563720703,
      23.37548065185547,
      22.134239196777344,
      22.67396354675293,
      22.42669105529785,
      24.482995986938477,
      21.46014976501465,
      23.02764129638672,
      23.088134765625,
      23.004453659057617,
      22.30043601989746,
      22.882831573486328,
      22.656604766845703,
      21.854795455932617,
      23.51630401611328,
      22.673124313354492,
      20.88986587524414,
      22.310794830322266,
      21.142791748046875,
      22.622303009033203,
      22.089859008789062,
      21.937458038330078,
      23.088134765625,
      21.525623321533203,
      22.07383155822754,
      21.21226692199707,
      21.515914916992188,
      21.976037979125977,
      21.903789520263672,
      23.001495361328125,
      25.07547950744629,
      22.774620056152344,
      21.07181167602539,
      21.88582420349121,
      23.083776473999023,
      24.78607749938965,
      23.083765029907227,
      22.36128044128418,
      23.656658172607422,
      22.118120193481445,
      22.490541458129883,
      20.53538703918457,
      23.024282455444336,
      22.348934173583984,
      20.681612014770508,
      23.988895416259766,
      21.668006896972656,
      22.621309280395508,
      21.187702178955078,
      22.680479049682617,
      20.296640396118164,
      22.12962532043457,
      21.857187271118164,
      20.731149673461914,
      22.199613571166992,
      22.488862991333008,
      21.707975387573242,
      24.005823135375977,
      24.092849731445312,
      23.954315185546875,
      22.084745407104492,
      23.956787109375
    ],