{
  "process_models": {
    "PulpHC": {
      "r2_score": 0.8650704586103352,
      "rmse": 25.42102751203876,
      "feature_importance": {
        "Ore": 0.2043350636959076,
        "WaterMill": 0.2059115767478943,
        "WaterZumpf": 0.20588120818138123,
        "MotorAmp": 0.3838721513748169
      },
      "model_type": "process_model",
      "input_vars": [
        "Ore",
        "WaterMill",
        "WaterZumpf",
        "MotorAmp"
      ],
      "output_var": "PulpHC"
    },
    "DensityHC": {
      "r2_score": 0.8876270724335447,
      "rmse": 15.555234776495054,
      "feature_importance": {
        "Ore": 0.1898508369922638,
        "WaterMill": 0.21494653820991516,
        "WaterZumpf": 0.3833978772163391,
        "MotorAmp": 0.21180476248264313
      },
      "model_type": "process_model",
      "input_vars": [
        "Ore",
        "WaterMill",
        "WaterZumpf",
        "MotorAmp"
      ],
      "output_var": "DensityHC"
    },
    "PressureHC": {
      "r2_score": 0.9303905874443846,
      "rmse": 0.00933636909256675,
      "feature_importance": {
        "Ore": 0.27497270703315735,
        "WaterMill": 0.1963094025850296,
        "WaterZumpf": 0.20205651223659515,
        "MotorAmp": 0.3266613185405731
      },
      "model_type": "process_model",
      "input_vars": [
        "Ore",
        "WaterMill",
        "WaterZumpf",
        "MotorAmp"
      ],
      "output_var": "PressureHC"
    }
  },
  "quality_model": {
    "r2_score": -1.0645923246201683,
    "rmse": 2.3996900156659007,
    "feature_importance": {
      "PulpHC": 0.2151176780462265,
      "DensityHC": 0.3869950771331787,
      "PressureHC": 0.3978872299194336
    },
    "model_type": "quality_model",
    "input_vars": [
      "PulpHC",
      "DensityHC",
      "PressureHC"
    ],
    "output_var": "PSI200",
    "cv_vars": [
      "PulpHC",
      "DensityHC",
      "PressureHC"
    ],
    "dv_vars": []
  },
  "chain_validation": {
    "r2_score": -18651.699117059154,
    "rmse": 307.921932343666,
    "mae": 98.5304910791087,
    "n_samples": 200,
    "n_requested": 200,
    "predictions": [
      24.080398559570312,
      22.62816047668457,
      999.0,
      22.696306228637695,
      24.179838180541992,
      25.375112533569336,
      999.0,
      999.0,
      25.915327072143555,
      24.375896453857422,
      999.0,
      25.015159606933594,
      26.18479347229004,
      26.783296585083008,
      24.46456527709961,
      21.66084098815918,
      24.445802688598633,
      28.443580627441406,
      25.055042266845703,
      26.135744094848633,
      23.608434677124023,
      25.46497344970703,
      26.82724380493164,
      25.94142723083496,
      25.86756706237793,
      26.417327880859375,
      24.787242889404297,
      25.535940170288086,
      23.981691360473633,
      23.89627456665039,
      27.91606903076172,
      23.863853454589844,
      24.711200714111328,
      23.98570442199707,
      25.587757110595703,
      24.805395126342773,
      999.0,
      21.58696746826172,
      26.59514617919922,
      27.078805923461914,
      27.364748001098633,
      26.288639068603516,
      26.56840705871582,
      21.972707748413086,
      28.634973526000977,
      22.403560638427734,
      26.98798179626465,
      25.470943450927734,
      27.21223258972168,
      22.101909637451172,
      24.7423038482666,
      26.34846305847168,
      23.721200942993164,
      23.541608810424805,
      999.0,
      23.466249465942383,
      23.840797424316406,
      27.89212417602539,
      27.331390380859375,
      25.136667251586914,
      23.48056411743164,
      24.90981674194336,
      24.980384826660156,
      24.039947509765625,
      25.211336135864258,
      23.707326889038086,
      27.38312530517578,
      24.310340881347656,
      24.972476959228516,
      25.381370544433594,
      23.81560516357422,
      26.982906341552734,
      24.937971115112305,
      26.30117416381836,
      25.91948890686035,
      26.9021053314209,
      28.070026397705078,
      24.929996490478516,
      28.453535079956055,
      27.716964721679688,
      27.040658950805664,
      999.0,
      22.427488327026367,
      22.39055633544922,
      23.247310638427734,
      25.889375686645508,
      27.705286026000977,
      28.75078010559082,
      27.788211822509766,
      999.0,
      26.44509506225586,
      25.732938766479492,
      26.981782913208008,
      20.879728317260742,
      27.657127380371094,
      28.064571380615234,
      25.466585159301758,
      27.665260314941406,
      28.667015075683594,
      23.19473648071289,
      999.0,
      23.62895965576172,
      23.81208038330078,
      23.188779830932617,
      24.12041473388672,
      25.013399124145508,
      999.0,
      26.596033096313477,
      24.998109817504883,
      27.836669921875,
      23.446855545043945,
      22.427753448486328,
      27.133398056030273,
      999.0,
      24.475305557250977,
      26.51421356201172,
      28.55042839050293,
      27.41362953186035,
      24.196876525878906,
      22.475507736206055,
      19.083698272705078,
      25.426029205322266,
      24.174591064453125,
      25.247955322265625,
      24.247468948364258,
      26.89764976501465,
      23.683753967285156,
      999.0,
      25.89273452758789,
      24.973848342895508,
      999.0,
      24.57630729675293,
      24.948841094970703,
      23.654264450073242,
      24.71118927001953,
      23.06201934814453,
      24.50759506225586,
      27.188613891601562,
      28.884342193603516,
      23.791107177734375,
      26.67368507385254,
      25.79815101623535,
      28.059412002563477,
      24.04583168029785,
      25.23044776916504,
      26.02069664001465,
      22.133010864257812,
      22.38790512084961,
      25.060081481933594,
      26.561647415161133,
      22.9173641204834,
      24.829240798950195,
      24.028993606567383,
      27.465354919433594,
      26.771041870117188,
      25.35344696044922,
      28.172109603881836,
      25.330883026123047,
      24.28135108947754,
      24.75379753112793,
      26.32122802734375,
      999.0,
      22.96844482421875,
      27.03638458251953,
      24.872648239135742,
      999.0,
      22.644412994384766,
      23.903783798217773,
      26.594385147094727,
      27.544809341430664,
      25.38018798828125,
      25.15850830078125,
      19.46633529663086,
      27.33579444885254,
      999.0,
      20.4616756439209,
      25.76181411743164,
      999.0,
      27.25659942626953,
      24.006147384643555,
      999.0,
      23.30605697631836,
      23.94294548034668,
      25.183809280395508,
      999.0,
      23.96586036682129,
      25.07839584350586,
      26.752134323120117,
      25.975574493408203,
      26.522340774536133,
      23.88896942138672,
      25.899049758911133,
      26.017309188842773,
      999.0,
      24.91256332397461,
      27.1976261138916,
      29.155258178710938,
      28.42500877380371,
      24.669126510620117,
      23.37320899963379
    ],