{
  "process_models": {
    "PulpHC": {
      "r2_score": 0.8938015329433495,
      "rmse": 24.249693367479768,
      "feature_importance": {
        "Ore": 0.24793630838394165,
        "WaterMill": 0.30136168003082275,
        "WaterZumpf": 0.2027948647737503,
        "MotorAmp": 0.2479071468114853
      },
      "model_type": "process_model",
      "input_vars": [
        "Ore",
        "WaterMill",
        "WaterZumpf",
        "MotorAmp"
      ],
      "output_var": "PulpHC"
    },
    "DensityHC": {
      "r2_score": 0.912591354973163,
      "rmse": 14.287184637339735,
      "feature_importance": {
        "Ore": 0.24095970392227173,
        "WaterMill": 0.29150819778442383,
        "WaterZumpf": 0.1965782791376114,
        "MotorAmp": 0.27095386385917664
      },
      "model_type": "process_model",
      "input_vars": [
        "Ore",
        "WaterMill",
        "WaterZumpf",
        "MotorAmp"
      ],
      "output_var": "DensityHC"
    },
    "PressureHC": {
      "r2_score": 0.9505475146385883,
      "rmse": 0.00722078724075217,
      "feature_importance": {
        "Ore": 0.13663238286972046,
        "WaterMill": 0.6008126735687256,
        "WaterZumpf": 0.11117307096719742,
        "MotorAmp": 0.15138188004493713
      },
      "model_type": "process_model",
      "input_vars": [
        "Ore",
        "WaterMill",
        "WaterZumpf",
        "MotorAmp"
      ],
      "output_var": "PressureHC"
    }
  },
  "quality_model": {
    "r2_score": -6.470919575074593,
    "rmse": 2.990852913626817,
    "feature_importance": {
      "PulpHC": 0.41992661356925964,
      "DensityHC": 0.26548975706100464,
      "PressureHC": 0.3145836889743805
    },
    "model_type": "quality_model",
    "input_vars": [
      "PulpHC",
      "DensityHC",
      "PressureHC"
    ],
    "output_var": "PSI200",
    "cv_vars": [
      "PulpHC",
      "DensityHC",
      "PressureHC"
    ],
    "dv_vars": []
  },
  "chain_validation": {
    "r2_score": -37456.232754627876,
    "rmse": 363.8405442087508,
    "mae": 137.16506911487244,
    "n_samples": 200,
    "n_requested": 200,
    "predictions": [
      27.523990631103516,
      25.63661766052246,
      22.89671516418457,
      22.280473709106445,
      27.07547378540039,
      23.472070693969727,
      23.62401580810547,
      26.95760154724121,
      28.652830123901367,
      999.0,
      27.799497604370117,
      26.558698654174805,
      22.314592361450195,
      25.455080032348633,
      999.0,
      24.378278732299805,
      999.0,
      26.65315818786621,
      27.37286376953125,
      22.474300384521484,
      25.8585205078125,
      27.190017700195312,
      26.120410919189453,
      22.69086456298828,
      25.82305145263672,
      999.0,
      27.46155548095703,
      28.94669532775879,
      999.0,
      27.48581886291504,
      24.36375617980957,
      24.157459259033203,
      26.968917846679688,
      999.0,
      21.602569580078125,
      22.07811737060547,
      26.98169708251953,
      25.239456176757812,
      26.351970672607422,
      24.4879150390625,
      28.226844787597656,
      26.718446731567383,
      999.0,
      28.507404327392578,
      27.98310661315918,
      26.81736946105957,
      27.28777313232422,
      25.529830932617188,
      22.742332458496094,
      22.4669189453125,
      25.723669052124023,
      29.641040802001953,
      26.19837188720703,
      27.980276107788086,
      999.0,
      28.417217254638672,
      23.943784713745117,
      24.42839813232422,
      26.28742027282715,
      26.8956298828125,
      28.082563400268555,
      22.514734268188477,
      999.0,
      28.860502243041992,
      999.0,
      23.905006408691406,
      26.808740615844727,
      27.224170684814453,
      28.22566032409668,
      22.48781967163086,
      22.7099552154541,
      25.58523941040039,
      26.790864944458008,
      24.587207794189453,
      28.597000122070312,
      28.672210693359375,
      25.418230056762695,
      24.896175384521484,
      26.934587478637695,
      27.198558807373047,
      26.9488468170166,
      22.673648834228516,
      22.41001319885254,
      27.197704315185547,
      27.465694427490234,
      999.0,
      18.6990909576416,
      28.047433853149414,
      25.902864456176758,
      999.0,
      999.0,
      26.852405548095703,
      25.64854621887207,
      27.2047119140625,
      23.986888885498047,
      999.0,
      27.47704315185547,
      26.477046966552734,
      999.0,
      23.080747604370117,
      27.717512130737305,
      999.0,
      25.068796157836914,
      27.83922576904297,
      23.460418701171875,
      22.67996597290039,
      25.34861183166504,
      23.393598556518555,
      26.350439071655273,
      27.3803653717041,
      999.0,
      28.091060638427734,
      28.815563201904297,
      26.826332092285156,
      28.226879119873047,
      24.433597564697266,
      25.95502471923828,
      27.542152404785156,
      28.21597671508789,
      22.241605758666992,
      26.5155029296875,
      23.597545623779297,
      999.0,
      28.27939796447754,
      25.684831619262695,
      999.0,
      27.44489288330078,
      27.9515438079834,
      999.0,
      24.734243392944336,
      25.32602310180664,
      27.511964797973633,
      23.049734115600586,
      25.67789649963379,
      26.815507888793945,
      27.66179847717285,
      26.7215576171875,
      26.151639938354492,
      24.768512725830078,
      999.0,
      22.651039123535156,
      24.226417541503906,
      26.864187240600586,
      28.6226806640625,
      22.766599655151367,
      28.67835807800293,
      26.65277862548828,
      999.0,
      28.57468605041504,
      22.739940643310547,
      25.604076385498047,
      27.19074249267578,
      26.771076202392578,
      26.036785125732422,
      27.059404373168945,
      29.665159225463867,
      22.294189453125,
      25.9812068939209,
      26.810338973999023,
      26.536584854125977,
      26.4647274017334,
      24.039052963256836,
      26.46091079711914,
      27.533845901489258,
      29.216411590576172,
      999.0,
      22.857013702392578,
      20.770339965820312,
      25.894718170166016,
      22.696640014648438,
      25.927207946777344,
      29.88217544555664,
      25.868013381958008,
      999.0,
      22.576419830322266,
      26.813344955444336,
      22.982810974121094,
      29.320884704589844,
      22.46261978149414,
      25.874414443969727,
      26.399433135986328,
      22.73676300048828,
      27.332162857055664,
      23.616596221923828,
      999.0,
      26.06341552734375,
      22.272531509399414,
      24.327972412109375,
      999.0,
      26.169309616088867,
      999.0,
      999.0,
      27.21001434326172,
      22.03115463256836,
      24.982803344726562,
      25.840957641601562,
      24.27667236328125,
      25.95462417602539,
      27.203645706176758,
      24.5396728515625
    ],