{
  "process_models": {
    "PulpHC": {
      "r2_score": 0.9045939972183444,
      "rmse": 5.900263469056327,
      "feature_importance": {
        "Ore": 0.1546754390001297,
        "WaterMill": 0.12255964428186417,
        "WaterZumpf": 0.4432224929332733,
        "MotorAmp": 0.2795424461364746
      },
      "model_type": "process_model",
      "input_vars": [
        "Ore",
        "WaterMill",
        "WaterZumpf",
        "MotorAmp"
      ],
      "output_var": "PulpHC"
    },
    "DensityHC": {
      "r2_score": 0.8975885472733846,
      "rmse": 6.330142393465086,
      "feature_importance": {
        "Ore": 0.15273423492908478,
        "WaterMill": 0.15569454431533813,
        "WaterZumpf": 0.3497762978076935,
        "MotorAmp": 0.3417949676513672
      },
      "model_type": "process_model",
      "input_vars": [
        "Ore",
        "WaterMill",
        "WaterZumpf",
        "MotorAmp"
      ],
      "output_var": "DensityHC"
    },
    "PressureHC": {
      "r2_score": 0.9322573076564311,
      "rmse": 0.002911419831044709,
      "feature_importance": {
        "Ore": 0.16641119122505188,
        "WaterMill": 0.14035600423812866,
        "WaterZumpf": 0.6461026072502136,
        "MotorAmp": 0.04713018238544464
      },
      "model_type": "process_model",
      "input_vars": [
        "Ore",
        "WaterMill",
        "WaterZumpf",
        "MotorAmp"
      ],
      "output_var": "PressureHC"
    }
  },
  "quality_model": {
    "r2_score": -1.3436569010553425,
    "rmse": 1.2345795614054222,
    "feature_importance": {
      "PulpHC": 0.3470703959465027,
      "DensityHC": 0.38574662804603577,
      "PressureHC": 0.26718297600746155
    },
    "model_type": "quality_model",
    "input_vars": [
      "PulpHC",
      "DensityHC",
      "PressureHC"
    ],
    "output_var": "PSI200",
    "cv_vars": [
      "PulpHC",
      "DensityHC",
      "PressureHC"
    ],
    "dv_vars": []
  },
  "chain_validation": {
    "r2_score": -8323825.8218558,
    "rmse": 973.9231251687941,
    "mae": 973.9230666666666,
    "n_samples": 3,
    "n_requested": 200,
    "predictions": [
      999.0,
      999.0,
      999.0
    ],
    "actuals": [
      24.601333333333333,
      25.35055510204081,
      25.27891156462585
    ]
  },
  "training_timestamp": "2025-09-30T09:33:54.598968",
  "data_shape": [
    27204,
    8
  ],
  "model_save_path": "c:\\Projects\\ok_dashboard\\python\\mills-xgboost\\app\\optimization_cascade\\cascade_models\\mill_8",
  "mill_number": 8,
  "feature_configuration": {
    "mv_features": [
      "Ore",
      "WaterMill",
      "WaterZumpf",
      "MotorAmp"
    ],
    "cv_features": [
      "PulpHC",
      "DensityHC",
      "PressureHC"
    ],
    "dv_features": [
      "Shisti",
      "Daiki",
      "Grano"
    ],
    "target_variable": "PSI200",
    "using_custom_features": 1
  }
}