{
  "process_models": {
    "PulpHC": {
      "r2_score": 0.9500153554550756,
      "rmse": 11.43181625089474,
      "feature_importance": {
        "Ore": 0.1849527209997177,
        "WaterMill": 0.13381192088127136,
        "WaterZumpf": 0.17897802591323853,
        "MotorAmp": 0.5022573471069336
      },
      "model_type": "process_model",
      "input_vars": [
        "Ore",
        "WaterMill",
        "WaterZumpf",
        "MotorAmp"
      ],
      "output_var": "PulpHC"
    },
    "DensityHC": {
      "r2_score": 0.9304610072507781,
      "rmse": 8.67865820580746,
      "feature_importance": {
        "Ore": 0.21869678795337677,
        "WaterMill": 0.1386650800704956,
        "WaterZumpf": 0.40525689721107483,
        "MotorAmp": 0.23738126456737518
      },
      "model_type": "process_model",
      "input_vars": [
        "Ore",
        "WaterMill",
        "WaterZumpf",
        "MotorAmp"
      ],
      "output_var": "DensityHC"
    },
    "PressureHC": {
      "r2_score": 0.944178061443181,
      "rmse": 0.00658354766739021,
      "feature_importance": {
        "Ore": 0.2855841815471649,
        "WaterMill": 0.150776669383049,
        "WaterZumpf": 0.18947751820087433,
        "MotorAmp": 0.37416163086891174
      },
      "model_type": "process_model",
      "input_vars": [
        "Ore",
        "WaterMill",
        "WaterZumpf",
        "MotorAmp"
      ],
      "output_var": "PressureHC"
    }
  },
  "quality_model": {
    "r2_score": -0.500121524741922,
    "rmse": 1.5972243993044712,
    "feature_importance": {
      "PulpHC": 0.22532224655151367,
      "DensityHC": 0.3567435145378113,
      "PressureHC": 0.41793426871299744
    },
    "model_type": "quality_model",
    "input_vars": [
      "PulpHC",
      "DensityHC",
      "PressureHC"
    ],
    "output_var": "PSI200",
    "cv_vars": [
      "PulpHC",
      "DensityHC",
      "PressureHC"
    ],
    "dv_vars": []
  },
  "chain_validation": {
    "r2_score": -289305.9658489551,
    "rmse": 973.941499202243,
    "mae": 973.9398159687646,
    "n_samples": 16,
    "n_requested": 200,
    "predictions": [
      999.0,
      999.0,
      999.0,
      999.0,
      999.0,
      999.0,
      999.0,
      999.0,
      999.0,
      999.0,
      999.0,
      999.0,
      999.0,
      999.0,
      999.0,
      999.0
    ],
    "actuals": [
      21.3169454903409,
      24.513458120627778,
      25.6,
      25.572032520325262,
      24.887971014492752,
      23.24888888888895,
      22.034778911564622,
      27.200869565217392,
      26.547182084955313,
      24.65733333333333,
      25.3569696969697,
      28.711515151515275,
      26.779173789173786,
      23.793694041868015,
      25.413856209150325,
      25.32827568134172
    ]
  },
  "training_timestamp": "2025-09-29T08:32:19.150618",
  "data_shape": [
    107401,
    8
  ],
  "model_save_path": "c:\\Projects\\ok_dashboard\\python\\mills-xgboost\\app\\optimization_cascade\\cascade_models\\mill_8",
  "mill_number": 8,
  "feature_configuration": {
    "mv_features": [
      "Ore",
      "WaterMill",
      "WaterZumpf",
      "MotorAmp"
    ],
    "cv_features": [
      "PulpHC",
      "DensityHC",
      "PressureHC"
    ],
    "dv_features": [
      "Shisti",
      "Daiki",
      "Grano"
    ],
    "target_variable": "PSI200",
    "using_custom_features": 1
  }
}