{
  "process_models": {
    "PulpHC": {
      "r2_score": 0.9427133731682485,
      "rmse": 12.384857056997443,
      "feature_importance": {
        "Ore": 0.17140719294548035,
        "WaterMill": 0.1758246272802353,
        "WaterZumpf": 0.16036859154701233,
        "MotorAmp": 0.4923996329307556
      },
      "model_type": "process_model",
      "input_vars": [
        "Ore",
        "WaterMill",
        "WaterZumpf",
        "MotorAmp"
      ],
      "output_var": "PulpHC"
    },
    "DensityHC": {
      "r2_score": 0.921384812792065,
      "rmse": 9.087930715591996,
      "feature_importance": {
        "Ore": 0.21179614961147308,
        "WaterMill": 0.12657129764556885,
        "WaterZumpf": 0.41731181740760803,
        "MotorAmp": 0.24432076513767242
      },
      "model_type": "process_model",
      "input_vars": [
        "Ore",
        "WaterMill",
        "WaterZumpf",
        "MotorAmp"
      ],
      "output_var": "DensityHC"
    },
    "PressureHC": {
      "r2_score": 0.940226484747413,
      "rmse": 0.007717288507231722,
      "feature_importance": {
        "Ore": 0.33025097846984863,
        "WaterMill": 0.16261130571365356,
        "WaterZumpf": 0.18976426124572754,
        "MotorAmp": 0.31737345457077026
      },
      "model_type": "process_model",
      "input_vars": [
        "Ore",
        "WaterMill",
        "WaterZumpf",
        "MotorAmp"
      ],
      "output_var": "PressureHC"
    }
  },
  "quality_model": {
    "r2_score": -0.7184907826059204,
    "rmse": 1.7264040424680673,
    "feature_importance": {
      "PulpHC": 0.23079779744148254,
      "DensityHC": 0.346179336309433,
      "PressureHC": 0.42302289605140686
    },
    "model_type": "quality_model",
    "input_vars": [
      "PulpHC",
      "DensityHC",
      "PressureHC"
    ],
    "output_var": "PSI200",
    "cv_vars": [
      "PulpHC",
      "DensityHC",
      "PressureHC"
    ],
    "dv_vars": []
  },
  "chain_validation": {
    "r2_score": -21219.06301174203,
    "rmse": 283.99039535912783,
    "mae": 83.66674890517689,
    "n_samples": 200,
    "n_requested": 200,
    "predictions": [
      23.840208053588867,
      24.79241371154785,
      23.916160583496094,
      24.951108932495117,
      25.76320457458496,
      999.0,
      29.18031883239746,
      25.130977630615234,
      27.506649017333984,
      26.766897201538086,
      26.917753219604492,
      24.41929054260254,
      23.366369247436523,
      25.857200622558594,
      23.828739166259766,
      27.099580764770508,
      999.0,
      24.86260986328125,
      24.01791763305664,
      27.088319778442383,
      27.502107620239258,
      26.382272720336914,
      999.0,
      24.44071388244629,
      25.1501522064209,
      27.18231773376465,
      23.991981506347656,
      21.583152770996094,
      27.860456466674805,
      24.10881233215332,
      999.0,
      25.016212463378906,
      999.0,
      24.945709228515625,
      25.77874183654785,
      24.19581413269043,
      22.12801742553711,
      26.529890060424805,
      24.931737899780273,
      24.948007583618164,
      999.0,
      24.326417922973633,
      20.954870223999023,
      25.54148292541504,
      24.193941116333008,
      999.0,
      23.55564308166504,
      26.52640724182129,
      26.42770004272461,
      25.660953521728516,
      24.539583206176758,
      24.186012268066406,
      23.736557006835938,
      26.483596801757812,
      27.119815826416016,
      25.213022232055664,
      24.002140045166016,
      22.33036231994629,
      999.0,
      23.465496063232422,
      24.29994773864746,
      24.892183303833008,
      24.217506408691406,
      25.770479202270508,
      25.84547996520996,
      24.848102569580078,
      999.0,
      23.909273147583008,
      24.40489959716797,
      23.785554885864258,
      23.859859466552734,
      29.00014305114746,
      999.0,
      24.372098922729492,
      27.003602981567383,
      23.779645919799805,
      999.0,
      24.700742721557617,
      23.917743682861328,
      28.4700927734375,
      999.0,
      23.259767532348633,
      24.37858772277832,
      24.388408660888672,
      26.966890335083008,
      23.867643356323242,
      29.241294860839844,
      29.29949378967285,
      27.218158721923828,
      26.825178146362305,
      25.31302833557129,
      25.389877319335938,
      24.476144790649414,
      24.2271728515625,
      24.525726318359375,
      26.11293601989746,
      24.28692054748535,
      25.521076202392578,
      23.753921508789062,
      25.4704532623291,
      23.46718406677246,
      25.51546287536621,
      24.72418975830078,
      25.918498992919922,
      24.73175621032715,
      24.613727569580078,
      26.815549850463867,
      26.794078826904297,
      23.643274307250977,
      25.859453201293945,
      22.63972282409668,
      25.191381454467773,
      24.646663665771484,
      26.649280548095703,
      26.38861656188965,
      23.470327377319336,
      24.572113037109375,
      24.264951705932617,
      24.310964584350586,
      999.0,
      25.838712692260742,
      24.537338256835938,
      25.65409278869629,
      27.506624221801758,
      25.80322265625,
      25.87942123413086,
      24.111257553100586,
      23.58275604248047,
      24.786312103271484,
      24.09926414489746,
      23.351375579833984,
      29.519309997558594,
      27.743791580200195,
      27.511062622070312,
      24.817344665527344,
      24.887481689453125,
      24.359102249145508,
      28.186372756958008,
      23.531709671020508,
      23.863719940185547,
      24.555208206176758,
      24.1201229095459,
      26.55121612548828,
      999.0,
      23.827190399169922,
      27.023765563964844,
      22.723613739013672,
      26.10590171813965,
      24.382362365722656,
      26.090484619140625,
      27.042566299438477,
      24.109880447387695,
      25.232383728027344,
      23.969295501708984,
      23.457260131835938,
      24.00347900390625,
      24.755001068115234,
      24.578479766845703,
      23.662599563598633,
      26.32826042175293,
      23.906370162963867,
      24.666854858398438,
      25.859798431396484,
      25.569995880126953,
      27.547657012939453,
      24.722614288330078,
      999.0,
      24.02541732788086,
      25.029556274414062,
      24.384599685668945,
      28.48526954650879,
      24.01035499572754,
      26.33191680908203,
      24.454126358032227,
      26.097082138061523,
      23.501502990722656,
      28.756345748901367,
      28.979019165039062,
      23.888607025146484,
      24.758907318115234,
      24.913902282714844,
      25.67229461669922,
      22.350276947021484,
      23.601869583129883,
      26.303560256958008,
      29.747753143310547,
      26.38739013671875,
      24.257476806640625,
      26.74342155456543,
      23.51861000061035,
      22.679092407226562,
      999.0,
      26.23575782775879,
      26.63057518005371,
      25.29840850830078,
      999.0,
      28.047056198120117,
      23.888408660888672,
      24.548418045043945,
      23.383615493774414
    ],