{
  "process_models": {
    "DensityHC": {
      "r2_score": 0.9997867805441626,
      "rmse": 0.16831362692456192,
      "feature_importance": {
        "Ore": 0.1783028393983841,
        "WaterMill": 0.24833117425441742,
        "WaterZumpf": 0.5733659863471985
      },
      "model_type": "process_model",
      "input_vars": [
        "Ore",
        "WaterMill",
        "WaterZumpf"
      ],
      "output_var": "DensityHC"
    },
    "PulpHC": {
      "r2_score": 0.9994728472148401,
      "rmse": 0.22215819896559294,
      "feature_importance": {
        "Ore": 0.10614712536334991,
        "WaterMill": 0.1983591765165329,
        "WaterZumpf": 0.6954936981201172
      },
      "model_type": "process_model",
      "input_vars": [
        "Ore",
        "WaterMill",
        "WaterZumpf"
      ],
      "output_var": "PulpHC"
    },
    "PressureHC": {
      "r2_score": 0.9999179639151868,
      "rmse": 0.00017172581813482542,
      "feature_importance": {
        "Ore": 0.30458498001098633,
        "WaterMill": 0.2545301914215088,
        "WaterZumpf": 0.44088488817214966
      },
      "model_type": "process_model",
      "input_vars": [
        "Ore",
        "WaterMill",
        "WaterZumpf"
      ],
      "output_var": "PressureHC"
    },
    "CirculativeLoad": {
      "r2_score": 0.9978250836694463,
      "rmse": 0.0007082552148828788,
      "feature_importance": {
        "Ore": 0.1633221060037613,
        "WaterMill": 0.16973784565925598,
        "WaterZumpf": 0.6669400930404663
      },
      "model_type": "process_model",
      "input_vars": [
        "Ore",
        "WaterMill",
        "WaterZumpf"
      ],
      "output_var": "CirculativeLoad"
    }
  },
  "quality_model": {
    "r2_score": 0.7058087471928534,
    "rmse": 0.00426291114739697,
    "feature_importance": {
      "DensityHC": 0.10312488675117493,
      "PulpHC": 0.06118259206414223,
      "PressureHC": 0.06588295847177505,
      "CirculativeLoad": 0.1012798398733139,
      "Class_15": 0.2189728319644928,
      "Daiki": 0.2244068831205368,
      "FE": 0.15577463805675507,
      "MotorAmp": 0.06937538087368011
    },
    "model_type": "quality_model",
    "input_vars": [
      "DensityHC",
      "PulpHC",
      "PressureHC",
      "CirculativeLoad",
      "Class_15",
      "Daiki",
      "FE",
      "MotorAmp"
    ],
    "output_var": "PSI200",
    "cv_vars": [
      "DensityHC",
      "PulpHC",
      "PressureHC",
      "CirculativeLoad"
    ],
    "dv_vars": [
      "Class_15",
      "Daiki",
      "FE",
      "MotorAmp"
    ]
  },
  "chain_validation": {
    "r2_score": -3.158597826428606,
    "rmse": 0.01609956915015846,
    "mae": 0.006748199983214995,
    "n_samples": 200,
    "n_requested": 200,
    "predictions": [
      25.49958038330078,
      25.502277374267578,
      25.475650787353516,
      25.483102798461914,
      25.477771759033203,
      25.490856170654297,
      25.469478607177734,
      25.497961044311523,
      25.492284774780273,
      25.482879638671875,
      25.49419403076172,
      25.490856170654297,
      25.482879638671875,
      25.48253059387207,
      25.47983741760254,
      25.477327346801758,
      25.48903465270996,
      25.47911834716797,
      25.47909164428711,
      25.47377586364746,
      25.492019653320312,
      25.492137908935547,
      25.478574752807617,
      25.475181579589844,
      25.493982315063477,
      25.48253059387207,
      25.493982315063477,
      25.482879638671875,
      25.492137908935547,
      25.47757911682129,
      25.468135833740234,
      25.482397079467773,
      25.472885131835938,
      25.477327346801758,
      25.476207733154297,
      25.48253059387207,
      25.498327255249023,
      25.47911834716797,
      25.498327255249023,
      25.486522674560547,
      25.473129272460938,
      25.475709915161133,
      25.471080780029297,
      25.498327255249023,
      25.482397079467773,
      25.492435455322266,
      25.482879638671875,
      25.475753784179688,
      25.4864444732666,
      25.49614906311035,
      25.47892189025879,
      25.471080780029297,
      25.491575241088867,
      25.495092391967773,
      25.475753784179688,
      25.491575241088867,
      25.492137908935547,
      25.495054244995117,
      25.476207733154297,
      25.48969078063965,
      25.49614906311035,
      25.49702262878418,
      25.477327346801758,
      25.486522674560547,
      25.473129272460938,
      25.47757911682129,
      25.422311782836914,
      25.493982315063477,
      25.463932037353516,
      25.410198211669922,
      25.473129272460938,
      25.492284774780273,
      25.485870361328125,
      25.491575241088867,
      25.477327346801758,
      25.410198211669922,
      25.477327346801758,
      25.475255966186523,
      25.488548278808594,
      25.47909164428711,
      25.482879638671875,
      25.49419403076172,
      25.481319427490234,
      25.506799697875977,
      25.478574752807617,
      25.49419403076172,
      25.492137908935547,
      25.487995147705078,
      25.49419403076172,
      25.48577880859375,
      25.47377586364746,
      25.492019653320312,
      25.46376609802246,
      25.46376609802246,
      25.482397079467773,
      25.483938217163086,
      25.492284774780273,
      25.48663330078125,
      25.590171813964844,
      25.456066131591797,
      25.497961044311523,
      25.48577880859375,
      25.48019790649414,
      25.498327255249023,
      25.47757911682129,
      25.494142532348633,
      25.488916397094727,
      25.495092391967773,
      25.482879638671875,
      25.492137908935547,
      25.482215881347656,
      25.49419403076172,
      25.482879638671875,
      25.492137908935547,
      25.489953994750977,
      25.498327255249023,
      25.47879409790039,
      25.488767623901367,
      25.477771759033203,
      25.488916397094727,
      25.498327255249023,
      25.492284774780273,
      25.498327255249023,
      25.47716522216797,
      25.48903465270996,
      25.477575302124023,
      25.495092391967773,
      25.49334144592285,
      25.502277374267578,
      25.477575302124023,
      25.482397079467773,
      25.477415084838867,
      25.477771759033203,
      25.499801635742188,
      25.494142532348633,
      25.496049880981445,
      25.47909164428711,
      25.48483657836914,
      25.491575241088867,
      25.499801635742188,
      25.489953994750977,
      25.482887268066406,
      25.49419403076172,
      25.502277374267578,
      25.488916397094727,
      25.47087287902832,
      25.45716094970703,
      25.499801635742188,
      25.47087287902832,
      25.436115264892578,
      25.501853942871094,
      25.410198211669922,
      25.501853942871094,
      25.485870361328125,
      25.470579147338867,
      25.494142532348633,
      25.492019653320312,
      25.49702262878418,
      25.470579147338867,
      25.477575302124023,
      25.493982315063477,
      25.495092391967773,
      25.479097366333008,
      25.48663330078125,
      25.48019790649414,
      25.49334144592285,
      25.473129272460938,
      25.49419403076172,
      25.472885131835938,
      25.488916397094727,
      25.479223251342773,
      25.48903465270996,
      25.478544235229492,
      25.433521270751953,
      25.49230194091797,
      25.489953994750977,
      25.502099990844727,
      25.498327255249023,
      25.470579147338867,
      25.476932525634766,
      25.478574752807617,
      25.49958038330078,
      25.410198211669922,
      25.46923065185547,
      25.496049880981445,
      25.502099990844727,
      25.49702262878418,
      25.49230194091797,
      25.4882869720459,
      25.47377586364746,
      25.495166778564453,
      25.497961044311523,
      25.49702262878418,
      25.481319427490234,
      25.47892189025879,
      25.488916397094727,
      25.475753784179688,
      25.47087287902832,
      25.502277374267578,
      25.47661590576172
    ],