{
  "process_models": {
    "DensityHC": {
      "r2_score": 0.8116898295532584,
      "rmse": 24.638662473130125,
      "feature_importance": {
        "Ore": 0.2623597979545593,
        "WaterMill": 0.3359810709953308,
        "WaterZumpf": 0.4016591012477875
      },
      "model_type": "process_model",
      "input_vars": [
        "Ore",
        "WaterMill",
        "WaterZumpf"
      ],
      "output_var": "DensityHC"
    },
    "PulpHC": {
      "r2_score": 0.7124124557007905,
      "rmse": 44.552878676597985,
      "feature_importance": {
        "Ore": 0.2579640746116638,
        "WaterMill": 0.312485009431839,
        "WaterZumpf": 0.4295508563518524
      },
      "model_type": "process_model",
      "input_vars": [
        "Ore",
        "WaterMill",
        "WaterZumpf"
      ],
      "output_var": "PulpHC"
    },
    "PressureHC": {
      "r2_score": 0.653656310511348,
      "rmse": 0.026986356955455277,
      "feature_importance": {
        "Ore": 0.35642725229263306,
        "WaterMill": 0.26815617084503174,
        "WaterZumpf": 0.3754166066646576
      },
      "model_type": "process_model",
      "input_vars": [
        "Ore",
        "WaterMill",
        "WaterZumpf"
      ],
      "output_var": "PressureHC"
    },
    "CirculativeLoad": {
      "r2_score": 0.6325717927411922,
      "rmse": 0.1847493916926613,
      "feature_importance": {
        "Ore": 0.2831079661846161,
        "WaterMill": 0.3040653467178345,
        "WaterZumpf": 0.4128267467021942
      },
      "model_type": "process_model",
      "input_vars": [
        "Ore",
        "WaterMill",
        "WaterZumpf"
      ],
      "output_var": "CirculativeLoad"
    }
  },
  "quality_model": {
    "r2_score": 0.9951551909324037,
    "rmse": 0.15874248371178684,
    "feature_importance": {
      "DensityHC": 0.09470020234584808,
      "PulpHC": 0.06063368543982506,
      "PressureHC": 0.0702395886182785,
      "CirculativeLoad": 0.08330822736024857,
      "Class_15": 0.2514107823371887,
      "Daiki": 0.23474496603012085,
      "FE": 0.11183935403823853,
      "MotorAmp": 0.09312319755554199
    },
    "model_type": "quality_model",
    "input_vars": [
      "DensityHC",
      "PulpHC",
      "PressureHC",
      "CirculativeLoad",
      "Class_15",
      "Daiki",
      "FE",
      "MotorAmp"
    ],
    "output_var": "PSI200",
    "cv_vars": [
      "DensityHC",
      "PulpHC",
      "PressureHC",
      "CirculativeLoad"
    ],
    "dv_vars": [
      "Class_15",
      "Daiki",
      "FE",
      "MotorAmp"
    ]
  },
  "chain_validation": {
    "r2_score": -1.9779949556426994,
    "rmse": 108.07527278705679,
    "mae": 87.99731173165874,
    "n_samples": 200,
    "n_requested": 200,
    "predictions": [
      25.158203125,
      22.893449783325195,
      25.95860481262207,
      24.878236770629883,
      24.668869018554688,
      22.446836471557617,
      24.969770431518555,
      25.45673179626465,
      24.301523208618164,
      21.10361671447754,
      26.25790786743164,
      25.478662490844727,
      23.34602165222168,
      23.660234451293945,
      23.889511108398438,
      21.74704933166504,
      22.997060775756836,
      22.41988182067871,
      26.609792709350586,
      23.177162170410156,
      27.874183654785156,
      25.497631072998047,
      25.918556213378906,
      24.699817657470703,
      23.61322021484375,
      22.85859489440918,
      23.716751098632812,
      26.04969596862793,
      24.27682876586914,
      26.151948928833008,
      26.027433395385742,
      26.02434730529785,
      26.49495506286621,
      23.447778701782227,
      21.99418830871582,
      25.94918441772461,
      27.366689682006836,
      21.38199234008789,
      25.984426498413086,
      25.989871978759766,
      21.442873001098633,
      24.029417037963867,
      24.085205078125,
      23.482173919677734,
      25.917999267578125,
      23.4072208404541,
      23.036958694458008,
      22.560575485229492,
      24.106103897094727,
      22.424623489379883,
      25.236984252929688,
      22.60199546813965,
      20.917139053344727,
      23.350269317626953,
      17.947362899780273,
      21.044034957885742,
      25.638286590576172,
      23.440839767456055,
      24.702945709228516,
      23.750324249267578,
      26.050710678100586,
      24.62149429321289,
      21.350799560546875,
      25.195798873901367,
      22.782289505004883,
      20.217517852783203,
      27.23012351989746,
      22.33599281311035,
      26.090503692626953,
      21.42217445373535,
      25.40067481994629,
      28.744224548339844,
      25.460094451904297,
      25.603580474853516,
      25.520559310913086,
      21.946809768676758,
      25.501920700073242,
      25.5983943939209,
      22.95941925048828,
      22.011211395263672,
      25.737831115722656,
      21.85201644897461,
      26.773897171020508,
      25.081886291503906,
      23.497100830078125,
      26.821874618530273,
      25.002426147460938,
      23.813308715820312,
      26.14398193359375,
      22.202613830566406,
      22.085681915283203,
      23.507793426513672,
      25.646560668945312,
      23.98280143737793,
      22.386032104492188,
      24.56366729736328,
      22.249906539916992,
      24.65611457824707,
      26.21872901916504,
      18.874116897583008,
      21.885417938232422,
      28.583860397338867,
      26.94297218322754,
      21.67909049987793,
      25.169374465942383,
      26.184913635253906,
      22.73772430419922,
      24.96723747253418,
      24.42548370361328,
      22.332042694091797,
      22.69538688659668,
      22.038610458374023,
      21.906431198120117,
      22.00823402404785,
      24.72449493408203,
      23.672109603881836,
      19.71050453186035,
      23.50535774230957,
      24.989545822143555,
      23.497289657592773,
      24.330127716064453,
      24.025588989257812,
      24.30109977722168,
      24.01542854309082,
      24.80078125,
      24.029111862182617,
      22.279115676879883,
      25.247365951538086,
      25.085838317871094,
      26.031665802001953,
      23.7214412689209,
      21.1993408203125,
      18.80581283569336,
      23.339162826538086,
      27.686922073364258,
      26.732057571411133,
      23.46880531311035,
      26.684467315673828,
      27.499088287353516,
      26.833087921142578,
      25.710391998291016,
      23.61467742919922,
      21.217533111572266,
      29.354454040527344,
      24.890188217163086,
      22.53641700744629,
      22.78458023071289,
      23.353221893310547,
      21.1041259765625,
      24.825292587280273,
      27.13381576538086,
      22.85065269470215,
      27.199155807495117,
      21.1041259765625,
      25.589719772338867,
      26.10004234313965,
      22.23448944091797,
      25.17765235900879,
      24.656465530395508,
      24.176259994506836,
      24.307863235473633,
      24.743728637695312,
      26.971168518066406,
      21.52537727355957,
      26.26666831970215,
      22.252901077270508,
      24.34239959716797,
      24.359228134155273,
      23.120790481567383,
      24.629817962646484,
      23.79397201538086,
      24.460845947265625,
      23.89238929748535,
      26.38846206665039,
      24.781967163085938,
      22.511690139770508,
      28.1783447265625,
      25.487464904785156,
      21.968294143676758,
      24.17136573791504,
      24.533180236816406,
      24.026973724365234,
      24.9058895111084,
      26.596261978149414,
      25.058311462402344,
      25.32924461364746,
      24.466304779052734,
      25.546905517578125,
      21.465595245361328,
      25.00047492980957,
      22.32271957397461,
      23.698762893676758,
      24.406566619873047,
      26.308767318725586,
      23.612560272216797,
      24.17171287536621,
      28.383188247680664,
      23.396976470947266,
      23.09328269958496,
      24.197086334228516
    ],