{
  "process_models": {
    "PulpHC": {
      "r2_score": 0.628229425017649,
      "rmse": 7.56130956027181,
      "feature_importance": {
        "WaterMill": 0.4319257438182831,
        "WaterZumpf": 0.5680742263793945
      },
      "model_type": "process_model",
      "input_vars": [
        "WaterMill",
        "WaterZumpf"
      ],
      "output_var": "PulpHC"
    },
    "DensityHC": {
      "r2_score": 0.5359554908809381,
      "rmse": 10.551274321928982,
      "feature_importance": {
        "WaterMill": 0.5102090835571289,
        "WaterZumpf": 0.4897908866405487
      },
      "model_type": "process_model",
      "input_vars": [
        "WaterMill",
        "WaterZumpf"
      ],
      "output_var": "DensityHC"
    },
    "PressureHC": {
      "r2_score": 0.790913929166166,
      "rmse": 0.003420104210120416,
      "feature_importance": {
        "WaterMill": 0.13352422416210175,
        "WaterZumpf": 0.8664757609367371
      },
      "model_type": "process_model",
      "input_vars": [
        "WaterMill",
        "WaterZumpf"
      ],
      "output_var": "PressureHC"
    }
  },
  "quality_model": {
    "r2_score": -5.411495755466813,
    "rmse": 1.499052973948528,
    "feature_importance": {
      "PulpHC": 0.15716370940208435,
      "DensityHC": 0.5488866567611694,
      "PressureHC": 0.293949693441391
    },
    "model_type": "quality_model",
    "input_vars": [
      "PulpHC",
      "DensityHC",
      "PressureHC"
    ],
    "output_var": "PSI200",
    "cv_vars": [
      "PulpHC",
      "DensityHC",
      "PressureHC"
    ],
    "dv_vars": []
  },
  "chain_validation": {
    "r2_score": 0.02068802385709334,
    "rmse": 1.229192045713941,
    "mae": 0.9472846406083565,
    "n_samples": 200,
    "n_requested": 200,
    "predictions": [
      24.282365798950195,
      23.29131507873535,
      23.71437644958496,
      23.552478790283203,
      21.7122802734375,
      22.994728088378906,
      22.585451126098633,
      24.230897903442383,
      24.73578643798828,
      23.168701171875,
      21.941408157348633,
      22.33802032470703,
      24.098833084106445,
      24.1326904296875,
      24.419893264770508,
      24.133996963500977,
      24.279720306396484,
      22.08822250366211,
      22.501672744750977,
      24.890361785888672,
      22.793411254882812,
      23.196941375732422,
      22.62871742248535,
      23.441051483154297,
      23.6464900970459,
      23.318321228027344,
      24.307870864868164,
      23.395244598388672,
      22.287460327148438,
      23.69049072265625,
      22.330596923828125,
      23.40277099609375,
      23.182479858398438,
      24.647789001464844,
      22.759302139282227,
      23.759014129638672,
      23.422039031982422,
      24.374755859375,
      24.18246078491211,
      23.66893768310547,
      24.277925491333008,
      23.807533264160156,
      23.99381446838379,
      21.453237533569336,
      23.97870635986328,
      22.24163818359375,
      22.39360237121582,
      24.15508460998535,
      22.56634521484375,
      22.619497299194336,
      24.016551971435547,
      24.8716983795166,
      22.388452529907227,
      23.460241317749023,
      23.750638961791992,
      23.036685943603516,
      24.184215545654297,
      24.508705139160156,
      24.38121223449707,
      22.41729736328125,
      22.425466537475586,
      22.157550811767578,
      25.17378044128418,
      24.54982566833496,
      23.478490829467773,
      23.71967887878418,
      23.80476188659668,
      24.910940170288086,
      24.427688598632812,
      23.084314346313477,
      24.569944381713867,
      23.746902465820312,
      22.29231071472168,
      23.862215042114258,
      24.396686553955078,
      23.60027313232422,
      22.04694175720215,
      24.13660430908203,
      23.892425537109375,
      25.08493995666504,
      23.9492244720459,
      23.421768188476562,
      22.307519912719727,
      22.56055450439453,
      24.543479919433594,
      22.66742515563965,
      24.675657272338867,
      22.023597717285156,
      24.042831420898438,
      24.52328109741211,
      24.55445098876953,
      24.05225944519043,
      24.730876922607422,
      23.30876350402832,
      22.88786506652832,
      24.316246032714844,
      23.360292434692383,
      23.140134811401367,
      24.089956283569336,
      23.300682067871094,
      24.688127517700195,
      23.839914321899414,
      23.504878997802734,
      23.046165466308594,
      22.377452850341797,
      24.113582611083984,
      24.317935943603516,
      23.046852111816406,
      23.561634063720703,
      21.5699462890625,
      23.593547821044922,
      23.18914222717285,
      25.111980438232422,
      23.58708381652832,
      23.76333236694336,
      24.7910099029541,
      23.546485900878906,
      21.501361846923828,
      23.87347412109375,
      22.322771072387695,
      23.663494110107422,
      23.21873664855957,
      23.521751403808594,
      23.989519119262695,
      24.172962188720703,
      24.192916870117188,
      24.244600296020508,
      24.09650993347168,
      21.842180252075195,
      21.609891891479492,
      23.27569580078125,
      23.466522216796875,
      24.1517391204834,
      23.692550659179688,
      22.553653717041016,
      24.383197784423828,
      23.037212371826172,
      24.26716423034668,
      24.890439987182617,
      23.306232452392578,
      25.882688522338867,
      23.709989547729492,
      22.92717742919922,
      23.823076248168945,
      23.71944808959961,
      23.193073272705078,
      22.76782989501953,
      23.640851974487305,
      24.21367835998535,
      23.54463005065918,
      22.55244255065918,
      21.144168853759766,
      23.416303634643555,
      23.189382553100586,
      22.251056671142578,
      23.186965942382812,
      25.004234313964844,
      24.040937423706055,
      21.948780059814453,
      24.572982788085938,
      22.379976272583008,
      24.00086784362793,
      23.274730682373047,
      22.832380294799805,
      23.96685791015625,
      23.855243682861328,
      22.391767501831055,
      23.244768142700195,
      23.016679763793945,
      22.681461334228516,
      24.152591705322266,
      24.06633758544922,
      22.2243595123291,
      24.036705017089844,
      24.318191528320312,
      23.539941787719727,
      22.385051727294922,
      24.11115074157715,
      24.265260696411133,
      21.855941772460938,
      22.291048049926758,
      24.51889419555664,
      24.207319259643555,
      23.378631591796875,
      24.13657569885254,
      24.245803833007812,
      23.61663055419922,
      23.760955810546875,
      24.891847610473633,
      21.451622009277344,
      22.7583065032959,
      23.949533462524414,
      23.5764102935791,
      21.67213249206543,
      23.145917892456055,
      23.50027084350586,
      22.72760581970215,
      23.72226905822754,
      23.998870849609375,
      22.923202514648438
    ],