{
  "process_models": {
    "PulpHC": {
      "r2_score": 0.7909306075874506,
      "rmse": 68.32973255188492,
      "feature_importance": {
        "Ore": 0.21810857951641083,
        "WaterMill": 0.30931422114372253,
        "WaterZumpf": 0.26732948422431946,
        "MotorAmp": 0.205247700214386
      },
      "model_type": "process_model",
      "input_vars": [
        "Ore",
        "WaterMill",
        "WaterZumpf",
        "MotorAmp"
      ],
      "output_var": "PulpHC"
    },
    "DensityHC": {
      "r2_score": 0.9183517815037043,
      "rmse": 65.21018453620654,
      "feature_importance": {
        "Ore": 0.18309138715267181,
        "WaterMill": 0.2984983026981354,
        "WaterZumpf": 0.25540339946746826,
        "MotorAmp": 0.26300689578056335
      },
      "model_type": "process_model",
      "input_vars": [
        "Ore",
        "WaterMill",
        "WaterZumpf",
        "MotorAmp"
      ],
      "output_var": "DensityHC"
    },
    "PressureHC": {
      "r2_score": 0.8872679731891313,
      "rmse": 0.05295673625137782,
      "feature_importance": {
        "Ore": 0.20043793320655823,
        "WaterMill": 0.26895350217819214,
        "WaterZumpf": 0.2815343141555786,
        "MotorAmp": 0.24907423555850983
      },
      "model_type": "process_model",
      "input_vars": [
        "Ore",
        "WaterMill",
        "WaterZumpf",
        "MotorAmp"
      ],
      "output_var": "PressureHC"
    }
  },
  "quality_model": {
    "r2_score": -0.3659373707861775,
    "rmse": 3.0569973533687094,
    "feature_importance": {
      "PulpHC": 0.17747527360916138,
      "DensityHC": 0.6808872818946838,
      "PressureHC": 0.14163745939731598
    },
    "model_type": "quality_model",
    "input_vars": [
      "PulpHC",
      "DensityHC",
      "PressureHC"
    ],
    "output_var": "PSI200",
    "cv_vars": [
      "PulpHC",
      "DensityHC",
      "PressureHC"
    ],
    "dv_vars": []
  },
  "chain_validation": {
    "r2_score": -43490.58008979153,
    "rmse": 534.1609858970237,
    "mae": 293.6808436697049,
    "n_samples": 200,
    "n_requested": 200,
    "predictions": [
      25.01668357849121,
      23.921594619750977,
      26.507823944091797,
      999.0,
      999.0,
      24.862491607666016,
      24.548898696899414,
      999.0,
      22.249675750732422,
      25.231937408447266,
      25.071979522705078,
      999.0,
      19.434560775756836,
      22.77809715270996,
      22.521982192993164,
      23.931177139282227,
      27.248401641845703,
      27.97224998474121,
      28.325927734375,
      999.0,
      999.0,
      25.132225036621094,
      23.130746841430664,
      999.0,
      999.0,
      22.469144821166992,
      999.0,
      27.772310256958008,
      22.841659545898438,
      999.0,
      20.74091148376465,
      22.45947265625,
      22.630908966064453,
      999.0,
      999.0,
      25.618017196655273,
      27.489219665527344,
      24.524948120117188,
      27.300132751464844,
      999.0,
      25.880348205566406,
      26.276893615722656,
      26.31238555908203,
      23.320911407470703,
      28.097469329833984,
      26.733638763427734,
      23.505475997924805,
      27.170724868774414,
      22.931982040405273,
      23.57023811340332,
      999.0,
      999.0,
      25.968536376953125,
      26.84281349182129,
      21.35523796081543,
      23.93391227722168,
      999.0,
      26.885913848876953,
      22.36792755126953,
      26.70889663696289,
      24.31816864013672,
      27.486906051635742,
      26.930408477783203,
      999.0,
      23.573198318481445,
      26.91178321838379,
      28.217952728271484,
      999.0,
      22.444171905517578,
      999.0,
      999.0,
      26.173768997192383,
      999.0,
      999.0,
      24.55854034423828,
      22.27338981628418,
      28.409603118896484,
      22.639863967895508,
      24.462247848510742,
      23.812280654907227,
      26.406824111938477,
      25.06022834777832,
      999.0,
      24.088655471801758,
      27.58279800415039,
      27.110431671142578,
      23.8425235748291,
      999.0,
      25.7149715423584,
      23.299631118774414,
      22.01473045349121,
      999.0,
      23.177196502685547,
      999.0,
      24.092313766479492,
      24.448101043701172,
      23.30487060546875,
      26.120838165283203,
      21.877519607543945,
      999.0,
      999.0,
      28.1199893951416,
      23.329370498657227,
      22.13722801208496,
      21.593595504760742,
      26.8743839263916,
      23.995708465576172,
      23.323875427246094,
      23.229978561401367,
      28.90302276611328,
      23.466400146484375,
      21.633840560913086,
      25.717243194580078,
      24.115503311157227,
      22.670217514038086,
      27.921247482299805,
      23.266170501708984,
      26.568817138671875,
      24.54031753540039,
      24.54369354248047,
      999.0,
      22.82142448425293,
      23.539268493652344,
      999.0,
      999.0,
      24.254179000854492,
      999.0,
      999.0,
      23.8961181640625,
      25.09515953063965,
      999.0,
      23.605484008789062,
      999.0,
      25.554859161376953,
      21.980695724487305,
      26.65233039855957,
      27.780540466308594,
      999.0,
      26.4974422454834,
      999.0,
      999.0,
      999.0,
      26.64031410217285,
      999.0,
      23.1740665435791,
      26.74396324157715,
      999.0,
      999.0,
      28.72730255126953,
      999.0,
      25.103076934814453,
      27.951128005981445,
      24.895145416259766,
      20.091999053955078,
      999.0,
      22.894800186157227,
      24.858137130737305,
      999.0,
      28.56089973449707,
      22.630908966064453,
      25.53190803527832,
      24.33407974243164,
      999.0,
      18.82454490661621,
      26.202816009521484,
      27.82275390625,
      26.823055267333984,
      999.0,
      23.381452560424805,
      999.0,
      25.338796615600586,
      24.074298858642578,
      23.307022094726562,
      24.354516983032227,
      999.0,
      22.60617446899414,
      999.0,
      999.0,
      22.21820068359375,
      21.70504379272461,
      23.334768295288086,
      27.671064376831055,
      21.880037307739258,
      999.0,
      999.0,
      22.673025131225586,
      23.679187774658203,
      18.3620662689209,
      999.0,
      999.0,
      999.0,
      25.552921295166016,
      27.381366729736328,
      999.0,
      23.19091033935547,
      26.500246047973633,
      999.0,
      999.0,
      999.0,
      27.06869125366211
    ],