{
  "process_models": {
    "PulpHC": {
      "r2_score": 0.7803249841264408,
      "rmse": 68.13637687444336,
      "feature_importance": {
        "Ore": 0.24117466807365417,
        "WaterMill": 0.32708540558815,
        "WaterZumpf": 0.2988665699958801,
        "MotorAmp": 0.13287334144115448
      },
      "model_type": "process_model",
      "input_vars": [
        "Ore",
        "WaterMill",
        "WaterZumpf",
        "MotorAmp"
      ],
      "output_var": "PulpHC"
    },
    "DensityHC": {
      "r2_score": 0.9371584584631583,
      "rmse": 56.68090994986535,
      "feature_importance": {
        "Ore": 0.12226130813360214,
        "WaterMill": 0.49920105934143066,
        "WaterZumpf": 0.2845962941646576,
        "MotorAmp": 0.09394126385450363
      },
      "model_type": "process_model",
      "input_vars": [
        "Ore",
        "WaterMill",
        "WaterZumpf",
        "MotorAmp"
      ],
      "output_var": "DensityHC"
    },
    "PressureHC": {
      "r2_score": 0.9042458786283218,
      "rmse": 0.05100010144919684,
      "feature_importance": {
        "Ore": 0.22544877231121063,
        "WaterMill": 0.2529069483280182,
        "WaterZumpf": 0.3006671965122223,
        "MotorAmp": 0.2209770679473877
      },
      "model_type": "process_model",
      "input_vars": [
        "Ore",
        "WaterMill",
        "WaterZumpf",
        "MotorAmp"
      ],
      "output_var": "PressureHC"
    }
  },
  "quality_model": {
    "r2_score": -17.601767830018296,
    "rmse": 782.7761725958563,
    "feature_importance": {
      "PulpHC": 0.4237435758113861,
      "DensityHC": 0.48200538754463196,
      "PressureHC": 0.09425108134746552
    },
    "model_type": "quality_model",
    "input_vars": [
      "PulpHC",
      "DensityHC",
      "PressureHC"
    ],
    "output_var": "PSI200",
    "cv_vars": [
      "PulpHC",
      "DensityHC",
      "PressureHC"
    ],
    "dv_vars": []
  },
  "chain_validation": {
    "r2_score": -45619.08606142521,
    "rmse": 590.2699282214151,
    "mae": 272.0257443607782,
    "n_samples": 200,
    "n_requested": 200,
    "predictions": [
      26.591135025024414,
      -121.1483154296875,
      23.75650405883789,
      27.11859130859375,
      999.0,
      27.15318489074707,
      26.472326278686523,
      999.0,
      22.835744857788086,
      23.095535278320312,
      22.716388702392578,
      24.523391723632812,
      20.80702781677246,
      22.362655639648438,
      28.470077514648438,
      22.43936538696289,
      27.74324607849121,
      23.242469787597656,
      27.284549713134766,
      20.421903610229492,
      26.031417846679688,
      27.678861618041992,
      999.0,
      28.134735107421875,
      2031.59619140625,
      999.0,
      23.969762802124023,
      26.671897888183594,
      24.42817497253418,
      999.0,
      26.102153778076172,
      26.656246185302734,
      999.0,
      999.0,
      999.0,
      22.5982608795166,
      28.67777442932129,
      26.552762985229492,
      22.058012008666992,
      999.0,
      999.0,
      24.772335052490234,
      24.549650192260742,
      25.59636116027832,
      26.981735229492188,
      27.976776123046875,
      999.0,
      22.899110794067383,
      27.66536521911621,
      24.18280029296875,
      27.841995239257812,
      25.57113265991211,
      30.140674591064453,
      25.635730743408203,
      23.688610076904297,
      25.59636116027832,
      9.300439834594727,
      999.0,
      999.0,
      24.996320724487305,
      999.0,
      2029.8575439453125,
      999.0,
      28.13471031188965,
      27.080928802490234,
      24.388141632080078,
      25.824974060058594,
      27.96401596069336,
      28.42591667175293,
      19.491580963134766,
      25.87436866760254,
      27.55217742919922,
      26.21691131591797,
      26.893041610717773,
      23.83361053466797,
      27.305788040161133,
      2029.8575439453125,
      999.0,
      26.48590660095215,
      27.468469619750977,
      24.18781280517578,
      25.084978103637695,
      999.0,
      29.644062042236328,
      28.287952423095703,
      3.27484130859375,
      27.097259521484375,
      29.04287338256836,
      26.934309005737305,
      999.0,
      25.195293426513672,
      23.942476272583008,
      25.613872528076172,
      26.739639282226562,
      26.73501205444336,
      11.463713645935059,
      27.45358657836914,
      24.082639694213867,
      1858.4267578125,
      999.0,
      28.869895935058594,
      26.025922775268555,
      27.70947265625,
      999.0,
      25.231876373291016,
      999.0,
      23.291461944580078,
      27.909212112426758,
      2029.8575439453125,
      27.577594757080078,
      25.441505432128906,
      23.899978637695312,
      24.662744522094727,
      28.876556396484375,
      27.571773529052734,
      23.167903900146484,
      23.52104377746582,
      999.0,
      23.508771896362305,
      14.24453067779541,
      999.0,
      27.790138244628906,
      28.22098731994629,
      999.0,
      28.38352394104004,
      3223.202392578125,
      29.744281768798828,
      25.729387283325195,
      999.0,
      24.34367561340332,
      23.242338180541992,
      999.0,
      24.059253692626953,
      29.367101669311523,
      23.980520248413086,
      21.83145523071289,
      999.0,
      24.498640060424805,
      999.0,
      22.726619720458984,
      999.0,
      27.448627471923828,
      22.421724319458008,
      999.0,
      27.348289489746094,
      23.989757537841797,
      25.78132438659668,
      27.253162384033203,
      22.970977783203125,
      23.213668823242188,
      25.607332229614258,
      999.0,
      20.34330177307129,
      28.8428897857666,
      999.0,
      24.11426544189453,
      27.038219451904297,
      28.488706588745117,
      999.0,
      28.472156524658203,
      999.0,
      999.0,
      25.60900115966797,
      27.415111541748047,
      28.534618377685547,
      999.0,
      27.848514556884766,
      26.082212448120117,
      26.11536979675293,
      24.460702896118164,
      21.25848388671875,
      25.633554458618164,
      24.856409072875977,
      27.346893310546875,
      999.0,
      27.504745483398438,
      24.764894485473633,
      29.180038452148438,
      999.0,
      27.285676956176758,
      26.764713287353516,
      30.824392318725586,
      22.921363830566406,
      25.342073440551758,
      27.182741165161133,
      25.37885856628418,
      27.54971694946289,
      999.0,
      28.096420288085938,
      999.0,
      999.0,
      24.333209991455078,
      27.28388786315918,
      26.381868362426758,
      999.0,
      23.65534019470215,
      29.332204818725586,
      28.155256271362305,
      23.084327697753906,
      24.546220779418945
    ],