{
  "process_models": {
    "PulpHC": {
      "r2_score": 0.8716972530120934,
      "rmse": 4.441989108030136,
      "feature_importance": {
        "Ore": 0.24059756100177765,
        "WaterMill": 0.12180452793836594,
        "WaterZumpf": 0.11464197933673859,
        "MotorAmp": 0.5229558944702148
      },
      "model_type": "process_model",
      "input_vars": [
        "Ore",
        "WaterMill",
        "WaterZumpf",
        "MotorAmp"
      ],
      "output_var": "PulpHC"
    },
    "DensityHC": {
      "r2_score": 0.8956449625008518,
      "rmse": 5.003591021272553,
      "feature_importance": {
        "Ore": 0.20018212497234344,
        "WaterMill": 0.15800391137599945,
        "WaterZumpf": 0.17678849399089813,
        "MotorAmp": 0.46502548456192017
      },
      "model_type": "process_model",
      "input_vars": [
        "Ore",
        "WaterMill",
        "WaterZumpf",
        "MotorAmp"
      ],
      "output_var": "DensityHC"
    },
    "PressureHC": {
      "r2_score": 0.9555837703512662,
      "rmse": 0.0015763317875343032,
      "feature_importance": {
        "Ore": 0.22932200133800507,
        "WaterMill": 0.05412902310490608,
        "WaterZumpf": 0.6193673014640808,
        "MotorAmp": 0.0971817597746849
      },
      "model_type": "process_model",
      "input_vars": [
        "Ore",
        "WaterMill",
        "WaterZumpf",
        "MotorAmp"
      ],
      "output_var": "PressureHC"
    }
  },
  "quality_model": {
    "r2_score": -5.411495755466813,
    "rmse": 1.499052973948528,
    "feature_importance": {
      "PulpHC": 0.15716370940208435,
      "DensityHC": 0.5488866567611694,
      "PressureHC": 0.293949693441391
    },
    "model_type": "quality_model",
    "input_vars": [
      "PulpHC",
      "DensityHC",
      "PressureHC"
    ],
    "output_var": "PSI200",
    "cv_vars": [
      "PulpHC",
      "DensityHC",
      "PressureHC"
    ],
    "dv_vars": []
  },
  "chain_validation": {
    "r2_score": 0.0,
    "rmse": 999.0,
    "mae": 999.0,
    "n_samples": 0,
    "n_requested": 200,
    "predictions": [],
    "actuals": []
  },
  "training_timestamp": "2025-09-24T15:49:25.267569",
  "data_shape": [
    20641,
    8
  ],
  "model_save_path": "c:\\Projects\\ok_dashboard\\python\\mills-xgboost\\app\\optimization_cascade\\cascade_models\\mill_7",
  "mill_number": 7,
  "feature_configuration": {
    "mv_features": [
      "Ore",
      "WaterMill",
      "WaterZumpf",
      "MotorAmp"
    ],
    "cv_features": [
      "PulpHC",
      "DensityHC",
      "PressureHC"
    ],
    "dv_features": [
      "Shisti",
      "Daiki",
      "Grano"
    ],
    "target_variable": "PSI200",
    "using_custom_features": 1
  }
}