{
  "process_models": {
    "PulpHC": {
      "r2_score": 0.860036883721601,
      "rmse": 5.617047389128524,
      "feature_importance": {
        "Ore": 0.19859561324119568,
        "WaterMill": 0.13388876616954803,
        "WaterZumpf": 0.35645729303359985,
        "MotorAmp": 0.31105831265449524
      },
      "model_type": "process_model",
      "input_vars": [
        "Ore",
        "WaterMill",
        "WaterZumpf",
        "MotorAmp"
      ],
      "output_var": "PulpHC"
    },
    "DensityHC": {
      "r2_score": 0.9608849264669703,
      "rmse": 6.519463841821004,
      "feature_importance": {
        "Ore": 0.09854946285486221,
        "WaterMill": 0.10867655277252197,
        "WaterZumpf": 0.3523673117160797,
        "MotorAmp": 0.4404066503047943
      },
      "model_type": "process_model",
      "input_vars": [
        "Ore",
        "WaterMill",
        "WaterZumpf",
        "MotorAmp"
      ],
      "output_var": "DensityHC"
    },
    "PressureHC": {
      "r2_score": 0.9811957532610207,
      "rmse": 0.0018634345549080021,
      "feature_importance": {
        "Ore": 0.13673414289951324,
        "WaterMill": 0.0422271266579628,
        "WaterZumpf": 0.765838086605072,
        "MotorAmp": 0.05520059913396835
      },
      "model_type": "process_model",
      "input_vars": [
        "Ore",
        "WaterMill",
        "WaterZumpf",
        "MotorAmp"
      ],
      "output_var": "PressureHC"
    }
  },
  "quality_model": {
    "r2_score": -2.1764476257821546,
    "rmse": 2.8701490441468005,
    "feature_importance": {
      "PulpHC": 0.22648648917675018,
      "DensityHC": 0.6490918397903442,
      "PressureHC": 0.12442173063755035
    },
    "model_type": "quality_model",
    "input_vars": [
      "PulpHC",
      "DensityHC",
      "PressureHC"
    ],
    "output_var": "PSI200",
    "cv_vars": [
      "PulpHC",
      "DensityHC",
      "PressureHC"
    ],
    "dv_vars": []
  },
  "chain_validation": {
    "r2_score": 0.47819244608231903,
    "rmse": 1.8290533523281658,
    "mae": 1.3426086277668492,
    "n_samples": 200,
    "n_requested": 200,
    "predictions": [
      26.858373641967773,
      26.97327423095703,
      26.444982528686523,
      22.825576782226562,
      28.875680923461914,
      27.683076858520508,
      26.205284118652344,
      24.19236183166504,
      23.988189697265625,
      29.12049674987793,
      23.063560485839844,
      25.755706787109375,
      24.415950775146484,
      23.036008834838867,
      27.92647933959961,
      23.021198272705078,
      27.030759811401367,
      26.73423194885254,
      24.169483184814453,
      28.613555908203125,
      27.33902931213379,
      25.959802627563477,
      26.561004638671875,
      27.745805740356445,
      27.206735610961914,
      26.543657302856445,
      23.20780372619629,
      23.938295364379883,
      27.071325302124023,
      26.930728912353516,
      23.231704711914062,
      25.99612045288086,
      28.365158081054688,
      25.219106674194336,
      23.270549774169922,
      24.574993133544922,
      23.210830688476562,
      29.307069778442383,
      25.940515518188477,
      28.848569869995117,
      26.512969970703125,
      27.27313804626465,
      25.22905731201172,
      28.241926193237305,
      26.510578155517578,
      23.187009811401367,
      28.19771957397461,
      28.42731285095215,
      23.04943084716797,
      27.492002487182617,
      26.5794734954834,
      27.141759872436523,
      24.44144630432129,
      24.498003005981445,
      23.047712326049805,
      23.16707420349121,
      24.330533981323242,
      29.06378936767578,
      25.79573631286621,
      27.772811889648438,
      25.047590255737305,
      25.13791847229004,
      26.952754974365234,
      27.162757873535156,
      26.747180938720703,
      23.235857009887695,
      26.407350540161133,
      27.251575469970703,
      23.35566520690918,
      25.53647804260254,
      25.928871154785156,
      25.1301212310791,
      26.552223205566406,
      24.122230529785156,
      24.370824813842773,
      26.00705337524414,
      23.52723503112793,
      25.607526779174805,
      28.488656997680664,
      25.346071243286133,
      28.312774658203125,
      27.31197738647461,
      26.386640548706055,
      23.531436920166016,
      25.545196533203125,
      26.354516983032227,
      22.94805335998535,
      24.214731216430664,
      22.77978515625,
      27.813203811645508,
      26.01995849609375,
      22.604122161865234,
      28.105636596679688,
      27.063879013061523,
      24.560400009155273,
      25.975481033325195,
      23.149669647216797,
      24.159170150756836,
      24.630836486816406,
      22.734647750854492,
      26.32802391052246,
      28.275419235229492,
      29.242107391357422,
      25.856916427612305,
      29.33515739440918,
      25.49737548828125,
      28.746915817260742,
      26.930986404418945,
      28.30153465270996,
      24.51412010192871,
      25.79810905456543,
      27.282560348510742,
      25.959314346313477,
      26.765037536621094,
      24.854450225830078,
      26.946191787719727,
      23.18562889099121,
      25.802576065063477,
      26.53221893310547,
      23.95233726501465,
      25.055269241333008,
      26.078598022460938,
      25.060829162597656,
      25.799034118652344,
      24.475793838500977,
      25.871477127075195,
      24.605897903442383,
      23.117921829223633,
      28.595420837402344,
      22.463247299194336,
      22.383554458618164,
      23.829919815063477,
      24.523677825927734,
      26.55104637145996,
      28.39048957824707,
      27.388410568237305,
      24.05292510986328,
      26.864986419677734,
      28.565841674804688,
      22.46539878845215,
      28.730470657348633,
      25.192737579345703,
      24.05366325378418,
      28.441789627075195,
      25.53053092956543,
      25.429794311523438,
      22.734647750854492,
      28.079843521118164,
      26.128435134887695,
      23.489789962768555,
      28.230621337890625,
      24.55413818359375,
      25.509204864501953,
      23.094829559326172,
      25.59380531311035,
      25.139373779296875,
      28.544527053833008,
      26.55495262145996,
      23.721698760986328,
      26.96573257446289,
      23.953550338745117,
      23.634084701538086,
      25.79767608642578,
      29.13703155517578,
      24.685184478759766,
      25.97252082824707,
      28.108171463012695,
      24.59839630126953,
      24.516969680786133,
      25.709938049316406,
      27.039072036743164,
      23.701562881469727,
      24.890779495239258,
      25.854066848754883,
      27.309377670288086,
      27.295726776123047,
      26.851469039916992,
      25.99612045288086,
      26.189334869384766,
      25.423717498779297,
      25.283445358276367,
      25.989072799682617,
      26.71621322631836,
      28.535974502563477,
      26.04503059387207,
      23.28569793701172,
      25.579517364501953,
      26.841520309448242,
      28.98912239074707,
      28.69628143310547,
      24.911209106445312,
      23.527698516845703,
      24.509309768676758,
      29.4630184173584,
      23.249603271484375,
      24.009952545166016,
      28.77611541748047,
      26.396787643432617,
      26.36354637145996,
      25.002248764038086
    ],