{
  "process_models": {
    "PulpHC": {
      "r2_score": 0.8923577547127637,
      "rmse": 4.3928314979745275,
      "feature_importance": {
        "Ore": 0.1954054981470108,
        "WaterMill": 0.1025606244802475,
        "WaterZumpf": 0.1245780885219574,
        "MotorAmp": 0.5774558186531067
      },
      "model_type": "process_model",
      "input_vars": [
        "Ore",
        "WaterMill",
        "WaterZumpf",
        "MotorAmp"
      ],
      "output_var": "PulpHC"
    },
    "DensityHC": {
      "r2_score": 0.887883914210345,
      "rmse": 4.7861487873132065,
      "feature_importance": {
        "Ore": 0.27297359704971313,
        "WaterMill": 0.1251406967639923,
        "WaterZumpf": 0.1792827695608139,
        "MotorAmp": 0.42260289192199707
      },
      "model_type": "process_model",
      "input_vars": [
        "Ore",
        "WaterMill",
        "WaterZumpf",
        "MotorAmp"
      ],
      "output_var": "DensityHC"
    },
    "PressureHC": {
      "r2_score": 0.9771093717739138,
      "rmse": 0.001457320187320329,
      "feature_importance": {
        "Ore": 0.17379352450370789,
        "WaterMill": 0.03438949212431908,
        "WaterZumpf": 0.744644284248352,
        "MotorAmp": 0.04717261716723442
      },
      "model_type": "process_model",
      "input_vars": [
        "Ore",
        "WaterMill",
        "WaterZumpf",
        "MotorAmp"
      ],
      "output_var": "PressureHC"
    }
  },
  "quality_model": {
    "r2_score": -6.8213914915683755,
    "rmse": 1.6448564518497795,
    "feature_importance": {
      "PulpHC": 0.19704197347164154,
      "DensityHC": 0.5499234795570374,
      "PressureHC": 0.2530345320701599
    },
    "model_type": "quality_model",
    "input_vars": [
      "PulpHC",
      "DensityHC",
      "PressureHC"
    ],
    "output_var": "PSI200",
    "cv_vars": [
      "PulpHC",
      "DensityHC",
      "PressureHC"
    ],
    "dv_vars": []
  },
  "chain_validation": {
    "r2_score": 0.3732851834996437,
    "rmse": 0.9097790618225485,
    "mae": 0.6968967566777977,
    "n_samples": 200,
    "n_requested": 200,
    "predictions": [
      22.902971267700195,
      24.32699203491211,
      25.44253921508789,
      25.49335289001465,
      23.057342529296875,
      22.865245819091797,
      23.42599105834961,
      22.47735595703125,
      23.251853942871094,
      22.58539390563965,
      23.865331649780273,
      23.436569213867188,
      22.347768783569336,
      22.488903045654297,
      22.177753448486328,
      22.95203971862793,
      25.454282760620117,
      23.517452239990234,
      22.51984405517578,
      22.545368194580078,
      25.165550231933594,
      23.351036071777344,
      23.864580154418945,
      23.750839233398438,
      22.95867347717285,
      23.27997589111328,
      21.667980194091797,
      24.245264053344727,
      22.174213409423828,
      23.118860244750977,
      22.955018997192383,
      22.760339736938477,
      24.087400436401367,
      22.751432418823242,
      24.31545639038086,
      25.570148468017578,
      22.460416793823242,
      21.634550094604492,
      22.823081970214844,
      24.711912155151367,
      23.465614318847656,
      24.992895126342773,
      23.868188858032227,
      22.823781967163086,
      24.145429611206055,
      22.182249069213867,
      22.84499168395996,
      23.896575927734375,
      21.912548065185547,
      23.65758514404297,
      23.21055793762207,
      23.148818969726562,
      23.565452575683594,
      23.452198028564453,
      23.240819931030273,
      23.46255111694336,
      22.232715606689453,
      22.79813003540039,
      22.344940185546875,
      23.471817016601562,
      23.55056381225586,
      24.28822898864746,
      25.077980041503906,
      23.736202239990234,
      22.880088806152344,
      23.773897171020508,
      23.627065658569336,
      24.187063217163086,
      23.36195182800293,
      23.185550689697266,
      22.903831481933594,
      22.435039520263672,
      23.041704177856445,
      24.67399024963379,
      21.6682186126709,
      24.131549835205078,
      22.376056671142578,
      23.141565322875977,
      23.216440200805664,
      22.518531799316406,
      23.284423828125,
      23.846961975097656,
      23.415102005004883,
      22.922147750854492,
      21.96369743347168,
      22.227401733398438,
      22.616085052490234,
      24.088211059570312,
      23.43346405029297,
      22.40421485900879,
      23.303768157958984,
      23.14418601989746,
      25.08827018737793,
      22.311891555786133,
      24.044998168945312,
      22.65423011779785,
      24.087400436401367,
      23.893638610839844,
      22.401988983154297,
      24.002681732177734,
      23.913307189941406,
      22.98822593688965,
      21.607906341552734,
      23.625991821289062,
      22.372575759887695,
      23.63433074951172,
      23.60696029663086,
      24.73177146911621,
      22.544763565063477,
      22.26833724975586,
      23.485517501831055,
      24.62864875793457,
      23.56204605102539,
      23.71564292907715,
      22.839570999145508,
      23.075008392333984,
      22.47649574279785,
      23.420236587524414,
      23.0103816986084,
      21.58098793029785,
      23.341045379638672,
      23.356252670288086,
      24.372631072998047,
      23.97796630859375,
      23.8730525970459,
      22.04941177368164,
      25.45154571533203,
      21.909177780151367,
      23.43788719177246,
      23.261350631713867,
      22.289321899414062,
      23.383275985717773,
      22.448789596557617,
      23.43946075439453,
      24.708019256591797,
      22.249162673950195,
      22.18589973449707,
      21.91615867614746,
      22.82186508178711,
      22.77663230895996,
      23.101608276367188,
      22.693981170654297,
      23.131710052490234,
      23.068748474121094,
      22.748340606689453,
      22.970273971557617,
      23.224964141845703,
      22.246845245361328,
      22.3088436126709,
      23.435264587402344,
      23.624956130981445,
      23.172151565551758,
      23.42547607421875,
      25.29660987854004,
      22.941059112548828,
      23.345491409301758,
      22.625200271606445,
      23.768404006958008,
      22.727195739746094,
      23.746620178222656,
      23.49045753479004,
      23.868989944458008,
      22.466171264648438,
      23.177236557006836,
      23.460737228393555,
      23.396650314331055,
      23.815601348876953,
      23.441064834594727,
      23.429319381713867,
      22.24616050720215,
      22.262060165405273,
      23.896770477294922,
      23.554349899291992,
      24.214418411254883,
      23.077991485595703,
      24.238073348999023,
      23.813499450683594,
      25.22771453857422,
      22.501819610595703,
      23.257143020629883,
      23.85000991821289,
      22.667694091796875,
      25.481643676757812,
      23.366884231567383,
      22.39170265197754,
      22.413297653198242,
      23.407957077026367,
      22.3577938079834,
      23.139755249023438,
      25.181888580322266,
      24.06090545654297,
      22.852272033691406,
      21.572595596313477,
      24.499486923217773,
      22.818958282470703,
      23.202592849731445,
      23.91330909729004,
      23.119325637817383,
      23.285388946533203,
      23.275123596191406
    ],