{
  "process_models": {
    "PulpHC": {
      "r2_score": 0.832665901069,
      "rmse": 8.060124724705197,
      "feature_importance": {
        "Ore": 0.23297660052776337,
        "WaterMill": 0.186733216047287,
        "WaterZumpf": 0.315856009721756,
        "MotorAmp": 0.2644340693950653
      },
      "model_type": "process_model",
      "input_vars": [
        "Ore",
        "WaterMill",
        "WaterZumpf",
        "MotorAmp"
      ],
      "output_var": "PulpHC"
    },
    "DensityHC": {
      "r2_score": 0.9553450087755664,
      "rmse": 7.05075384401248,
      "feature_importance": {
        "Ore": 0.06288456171751022,
        "WaterMill": 0.10135076195001602,
        "WaterZumpf": 0.33946800231933594,
        "MotorAmp": 0.4962966740131378
      },
      "model_type": "process_model",
      "input_vars": [
        "Ore",
        "WaterMill",
        "WaterZumpf",
        "MotorAmp"
      ],
      "output_var": "DensityHC"
    },
    "PressureHC": {
      "r2_score": 0.9834720895778566,
      "rmse": 0.0020686391292877664,
      "feature_importance": {
        "Ore": 0.13430805504322052,
        "WaterMill": 0.0248103067278862,
        "WaterZumpf": 0.8045336008071899,
        "MotorAmp": 0.036347996443510056
      },
      "model_type": "process_model",
      "input_vars": [
        "Ore",
        "WaterMill",
        "WaterZumpf",
        "MotorAmp"
      ],
      "output_var": "PressureHC"
    }
  },
  "quality_model": {
    "r2_score": -1.0364367216597619,
    "rmse": 1.8555107348749358,
    "feature_importance": {
      "PulpHC": 0.17955268919467926,
      "DensityHC": 0.6788875460624695,
      "PressureHC": 0.14155982434749603
    },
    "model_type": "quality_model",
    "input_vars": [
      "PulpHC",
      "DensityHC",
      "PressureHC"
    ],
    "output_var": "PSI200",
    "cv_vars": [
      "PulpHC",
      "DensityHC",
      "PressureHC"
    ],
    "dv_vars": []
  },
  "chain_validation": {
    "r2_score": -4572.352546176025,
    "rmse": 168.38096543888804,
    "mae": 30.269208200237262,
    "n_samples": 200,
    "n_requested": 200,
    "predictions": [
      23.27912139892578,
      28.243404388427734,
      21.995399475097656,
      26.267160415649414,
      26.41992950439453,
      26.165027618408203,
      25.673017501831055,
      27.01239013671875,
      22.41839599609375,
      22.613832473754883,
      26.19740104675293,
      26.879070281982422,
      25.661108016967773,
      24.22742462158203,
      23.787569046020508,
      28.623279571533203,
      25.91800308227539,
      28.768945693969727,
      29.525575637817383,
      28.12034034729004,
      24.41496467590332,
      28.461435317993164,
      26.34684944152832,
      25.157108306884766,
      27.986963272094727,
      27.485200881958008,
      28.91046714782715,
      999.0,
      23.243749618530273,
      23.258146286010742,
      25.76219367980957,
      25.10207748413086,
      27.29726219177246,
      22.49077606201172,
      26.07948112487793,
      24.4940128326416,
      22.83254051208496,
      24.00187110900879,
      24.520994186401367,
      23.503570556640625,
      26.444650650024414,
      27.604246139526367,
      22.914379119873047,
      25.951751708984375,
      25.63851547241211,
      26.156707763671875,
      25.211320877075195,
      999.0,
      999.0,
      24.901329040527344,
      999.0,
      24.727985382080078,
      27.07798194885254,
      24.51654052734375,
      26.302766799926758,
      22.474321365356445,
      27.714391708374023,
      22.40555763244629,
      26.08914566040039,
      27.146276473999023,
      27.262670516967773,
      27.433900833129883,
      24.466520309448242,
      28.87968635559082,
      27.714391708374023,
      28.716876983642578,
      22.279333114624023,
      26.331439971923828,
      23.555131912231445,
      26.661935806274414,
      23.83199691772461,
      27.720211029052734,
      24.601106643676758,
      24.607887268066406,
      25.5001163482666,
      26.459924697875977,
      27.296920776367188,
      22.582775115966797,
      25.588611602783203,
      23.27699089050293,
      25.42947769165039,
      25.29237174987793,
      23.23820686340332,
      29.213781356811523,
      23.39480972290039,
      23.30389404296875,
      27.366668701171875,
      24.217105865478516,
      23.235469818115234,
      28.046932220458984,
      28.878171920776367,
      22.17552947998047,
      28.83230972290039,
      23.226016998291016,
      23.92556381225586,
      25.174854278564453,
      28.00087547302246,
      27.714391708374023,
      24.568471908569336,
      26.826417922973633,
      25.26202964782715,
      21.603158950805664,
      23.922595977783203,
      22.52228355407715,
      29.090139389038086,
      27.298065185546875,
      22.729888916015625,
      22.698034286499023,
      27.165632247924805,
      27.64188575744629,
      27.960893630981445,
      25.49165153503418,
      24.232189178466797,
      25.667972564697266,
      25.7819881439209,
      23.549480438232422,
      23.15953826904297,
      24.83124351501465,
      29.576021194458008,
      25.468048095703125,
      27.8765869140625,
      21.606271743774414,
      25.70563507080078,
      26.839040756225586,
      25.348758697509766,
      22.805524826049805,
      24.450288772583008,
      23.235332489013672,
      21.844547271728516,
      25.106483459472656,
      24.00885581970215,
      22.643205642700195,
      22.869945526123047,
      28.377214431762695,
      23.254619598388672,
      27.752511978149414,
      24.235410690307617,
      24.148530960083008,
      27.076921463012695,
      22.460004806518555,
      24.576868057250977,
      25.030248641967773,
      22.919029235839844,
      28.079612731933594,
      24.75626564025879,
      22.353897094726562,
      25.17084312438965,
      26.147972106933594,
      29.23619270324707,
      22.313262939453125,
      23.415220260620117,
      21.800622940063477,
      28.694028854370117,
      24.700395584106445,
      23.448772430419922,
      26.863563537597656,
      23.761674880981445,
      25.8796443939209,
      999.0,
      26.18434715270996,
      25.82221794128418,
      26.767087936401367,
      26.485511779785156,
      23.25086784362793,
      25.64168930053711,
      27.358646392822266,
      28.680471420288086,
      23.90598487854004,
      23.16701316833496,
      26.92815399169922,
      28.26780891418457,
      24.309667587280273,
      27.898698806762695,
      23.23931121826172,
      24.249025344848633,
      24.565702438354492,
      26.03050994873047,
      27.735347747802734,
      24.35622215270996,
      29.877418518066406,
      27.42913818359375,
      24.00971794128418,
      23.111454010009766,
      25.484302520751953,
      26.16143798828125,
      25.91592788696289,
      28.238412857055664,
      29.468223571777344,
      24.922861099243164,
      999.0,
      30.398462295532227,
      26.98744010925293,
      28.649410247802734,
      22.833711624145508,
      23.479562759399414,
      26.369115829467773,
      23.91226577758789,
      24.255510330200195,
      24.80959129333496,
      27.91297721862793
    ],