{
  "process_models": {
    "PulpHC": {
      "r2_score": 0.8449878675437532,
      "rmse": 7.048880965801466,
      "feature_importance": {
        "Ore": 0.22786588966846466,
        "WaterMill": 0.17127777636051178,
        "WaterZumpf": 0.35776078701019287,
        "MotorAmp": 0.2430955320596695
      },
      "model_type": "process_model",
      "input_vars": [
        "Ore",
        "WaterMill",
        "WaterZumpf",
        "MotorAmp"
      ],
      "output_var": "PulpHC"
    },
    "DensityHC": {
      "r2_score": 0.9499789315258141,
      "rmse": 6.953434715587031,
      "feature_importance": {
        "Ore": 0.08265325427055359,
        "WaterMill": 0.10902653634548187,
        "WaterZumpf": 0.4951251745223999,
        "MotorAmp": 0.3131951093673706
      },
      "model_type": "process_model",
      "input_vars": [
        "Ore",
        "WaterMill",
        "WaterZumpf",
        "MotorAmp"
      ],
      "output_var": "DensityHC"
    },
    "PressureHC": {
      "r2_score": 0.9821557174637567,
      "rmse": 0.0020605783995630783,
      "feature_importance": {
        "Ore": 0.13348768651485443,
        "WaterMill": 0.021806130185723305,
        "WaterZumpf": 0.8152220249176025,
        "MotorAmp": 0.029484162107110023
      },
      "model_type": "process_model",
      "input_vars": [
        "Ore",
        "WaterMill",
        "WaterZumpf",
        "MotorAmp"
      ],
      "output_var": "PressureHC"
    }
  },
  "quality_model": {
    "r2_score": -1.44818191516505,
    "rmse": 1.9327644136081223,
    "feature_importance": {
      "PulpHC": 0.18480287492275238,
      "DensityHC": 0.6248522996902466,
      "PressureHC": 0.19034481048583984
    },
    "model_type": "quality_model",
    "input_vars": [
      "PulpHC",
      "DensityHC",
      "PressureHC"
    ],
    "output_var": "PSI200",
    "cv_vars": [
      "PulpHC",
      "DensityHC",
      "PressureHC"
    ],
    "dv_vars": []
  },
  "chain_validation": {
    "r2_score": -2284375.0900947577,
    "rmse": 970.7988624299876,
    "mae": 970.7986499433106,
    "n_samples": 4,
    "n_requested": 200,
    "predictions": [
      999.0,
      999.0,
      999.0,
      999.0
    ],
    "actuals": [
      28.410884353741558,
      27.644833333333395,
      27.58857142857149,
      29.161111111111172
    ]
  },
  "training_timestamp": "2025-09-29T08:33:17.395754",
  "data_shape": [
    96847,
    8
  ],
  "model_save_path": "c:\\Projects\\ok_dashboard\\python\\mills-xgboost\\app\\optimization_cascade\\cascade_models\\mill_7",
  "mill_number": 7,
  "feature_configuration": {
    "mv_features": [
      "Ore",
      "WaterMill",
      "WaterZumpf",
      "MotorAmp"
    ],
    "cv_features": [
      "PulpHC",
      "DensityHC",
      "PressureHC"
    ],
    "dv_features": [
      "Shisti",
      "Daiki",
      "Grano"
    ],
    "target_variable": "PSI200",
    "using_custom_features": 1
  }
}