{
  "process_models": {
    "PulpHC": {
      "r2_score": 0.8203214537009264,
      "rmse": 103.74313277890845,
      "feature_importance": {
        "Ore": 0.3002883791923523,
        "WaterMill": 0.1360674649477005,
        "WaterZumpf": 0.4000931978225708,
        "MotorAmp": 0.1635509580373764
      },
      "model_type": "process_model",
      "input_vars": [
        "Ore",
        "WaterMill",
        "WaterZumpf",
        "MotorAmp"
      ],
      "output_var": "PulpHC"
    },
    "DensityHC": {
      "r2_score": 0.9174117976272942,
      "rmse": 76.02875616325379,
      "feature_importance": {
        "Ore": 0.2546805441379547,
        "WaterMill": 0.1599876582622528,
        "WaterZumpf": 0.42293620109558105,
        "MotorAmp": 0.1623956561088562
      },
      "model_type": "process_model",
      "input_vars": [
        "Ore",
        "WaterMill",
        "WaterZumpf",
        "MotorAmp"
      ],
      "output_var": "DensityHC"
    },
    "PressureHC": {
      "r2_score": 0.9292547278857884,
      "rmse": 0.07556735470297711,
      "feature_importance": {
        "Ore": 0.5205652117729187,
        "WaterMill": 0.06264267861843109,
        "WaterZumpf": 0.26320239901542664,
        "MotorAmp": 0.15358974039554596
      },
      "model_type": "process_model",
      "input_vars": [
        "Ore",
        "WaterMill",
        "WaterZumpf",
        "MotorAmp"
      ],
      "output_var": "PressureHC"
    }
  },
  "quality_model": {
    "r2_score": -1.2983842505814187,
    "rmse": 2.2140195012709865,
    "feature_importance": {
      "PulpHC": 0.05584247037768364,
      "DensityHC": 0.06329566240310669,
      "PressureHC": 0.03853640332818031,
      "Shisti": 0.19991731643676758,
      "Daiki": 0.23942823708057404,
      "Grano": 0.40297988057136536
    },
    "model_type": "quality_model",
    "input_vars": [
      "PulpHC",
      "DensityHC",
      "PressureHC",
      "Shisti",
      "Daiki",
      "Grano"
    ],
    "output_var": "PSI200",
    "cv_vars": [
      "PulpHC",
      "DensityHC",
      "PressureHC"
    ],
    "dv_vars": [
      "Shisti",
      "Daiki",
      "Grano"
    ]
  },
  "chain_validation": {
    "r2_score": -213457.62251561254,
    "rmse": 755.4262471585641,
    "mae": 585.53254877214,
    "n_samples": 200,
    "n_requested": 200,
    "predictions": [
      999.0,
      24.927005767822266,
      999.0,
      999.0,
      999.0,
      24.645191192626953,
      999.0,
      24.916501998901367,
      25.270694732666016,
      999.0,
      999.0,
      999.0,
      999.0,
      999.0,
      999.0,
      999.0,
      999.0,
      999.0,
      23.58025550842285,
      999.0,
      24.787485122680664,
      999.0,
      999.0,
      999.0,
      999.0,
      999.0,
      23.68703842163086,
      21.41792869567871,
      999.0,
      999.0,
      24.498294830322266,
      999.0,
      999.0,
      999.0,
      25.17997169494629,
      23.505868911743164,
      24.98938751220703,
      999.0,
      27.95708656311035,
      999.0,
      999.0,
      23.897127151489258,
      999.0,
      20.821025848388672,
      24.432458877563477,
      999.0,
      999.0,
      999.0,
      22.843708038330078,
      999.0,
      999.0,
      999.0,
      22.74209976196289,
      999.0,
      24.416662216186523,
      24.915489196777344,
      999.0,
      999.0,
      23.738937377929688,
      23.171266555786133,
      999.0,
      24.840673446655273,
      999.0,
      24.56930923461914,
      999.0,
      999.0,
      999.0,
      999.0,
      999.0,
      999.0,
      999.0,
      23.26307487487793,
      23.198123931884766,
      24.90933609008789,
      25.23459243774414,
      25.46485710144043,
      23.731685638427734,
      24.603246688842773,
      999.0,
      24.63579559326172,
      999.0,
      24.46347999572754,
      24.439769744873047,
      999.0,
      24.959732055664062,
      999.0,
      25.352516174316406,
      24.5103816986084,
      999.0,
      999.0,
      999.0,
      999.0,
      999.0,
      999.0,
      999.0,
      999.0,
      23.558212280273438,
      999.0,
      999.0,
      999.0,
      999.0,
      24.937091827392578,
      24.687335968017578,
      24.90810775756836,
      18.531604766845703,
      999.0,
      999.0,
      999.0,
      25.28748893737793,
      999.0,
      22.323909759521484,
      999.0,
      999.0,
      999.0,
      999.0,
      999.0,
      22.712352752685547,
      23.90379524230957,
      999.0,
      23.790802001953125,
      999.0,
      999.0,
      999.0,
      24.41181755065918,
      999.0,
      24.536163330078125,
      999.0,
      24.595054626464844,
      999.0,
      25.031766891479492,
      999.0,
      23.22614860534668,
      24.381153106689453,
      999.0,
      24.81842803955078,
      999.0,
      999.0,
      24.950130462646484,
      999.0,
      24.878759384155273,
      999.0,
      999.0,
      999.0,
      999.0,
      25.06363296508789,
      999.0,
      24.968820571899414,
      23.475664138793945,
      999.0,
      999.0,
      25.104997634887695,
      25.727088928222656,
      999.0,
      999.0,
      999.0,
      999.0,
      23.116300582885742,
      999.0,
      23.707365036010742,
      25.153114318847656,
      999.0,
      999.0,
      23.606420516967773,
      24.396080017089844,
      24.573726654052734,
      28.01186752319336,
      999.0,
      999.0,
      999.0,
      23.362564086914062,
      999.0,
      999.0,
      999.0,
      999.0,
      999.0,
      23.42556381225586,
      999.0,
      999.0,
      999.0,
      999.0,
      999.0,
      999.0,
      999.0,
      22.624975204467773,
      24.757417678833008,
      24.193065643310547,
      999.0,
      25.7504825592041,
      23.357301712036133,
      27.4907169342041,
      999.0,
      999.0,
      999.0,
      25.85462188720703,
      24.113887786865234,
      24.059234619140625,
      24.51082420349121,
      999.0,
      999.0,
      999.0
    ],