{
  "process_models": {
    "DensityHC": {
      "r2_score": 0.9727853141505085,
      "rmse": 5.8483822110361166,
      "feature_importance": {
        "Ore": 0.06304913759231567,
        "WaterMill": 0.05829192325472832,
        "WaterZumpf": 0.19581976532936096,
        "MotorAmp": 0.6828391551971436
      },
      "model_type": "process_model",
      "input_vars": [
        "Ore",
        "WaterMill",
        "WaterZumpf",
        "MotorAmp"
      ],
      "output_var": "DensityHC"
    },
    "PressureHC": {
      "r2_score": 0.9875773025778595,
      "rmse": 0.0017634796304869212,
      "feature_importance": {
        "Ore": 0.07579024136066437,
        "WaterMill": 0.057478584349155426,
        "WaterZumpf": 0.7094787359237671,
        "MotorAmp": 0.15725241601467133
      },
      "model_type": "process_model",
      "input_vars": [
        "Ore",
        "WaterMill",
        "WaterZumpf",
        "MotorAmp"
      ],
      "output_var": "PressureHC"
    },
    "PulpHC": {
      "r2_score": 0.8253697997828247,
      "rmse": 5.744999476520355,
      "feature_importance": {
        "Ore": 0.20063605904579163,
        "WaterMill": 0.19531531631946564,
        "WaterZumpf": 0.312457412481308,
        "MotorAmp": 0.2915912866592407
      },
      "model_type": "process_model",
      "input_vars": [
        "Ore",
        "WaterMill",
        "WaterZumpf",
        "MotorAmp"
      ],
      "output_var": "PulpHC"
    }
  },
  "quality_model": {
    "r2_score": -2.900988832686414,
    "rmse": 2.4033513073150394,
    "feature_importance": {
      "DensityHC": 0.6454694867134094,
      "PressureHC": 0.15151497721672058,
      "PulpHC": 0.2030155211687088
    },
    "model_type": "quality_model",
    "input_vars": [
      "DensityHC",
      "PressureHC",
      "PulpHC"
    ],
    "output_var": "PSI200",
    "cv_vars": [
      "DensityHC",
      "PressureHC",
      "PulpHC"
    ],
    "dv_vars": []
  },
  "chain_validation": {
    "r2_score": 0.6297793331171542,
    "rmse": 1.36920905083689,
    "mae": 1.0150660441980335,
    "n_samples": 200,
    "n_requested": 200,
    "predictions": [
      26.290817260742188,
      27.082557678222656,
      22.982667922973633,
      27.526214599609375,
      24.862415313720703,
      25.133464813232422,
      23.072275161743164,
      22.79036521911621,
      22.025983810424805,
      26.64765739440918,
      24.379600524902344,
      24.72389030456543,
      24.577777862548828,
      22.11294174194336,
      23.2713623046875,
      23.93793296813965,
      22.36069107055664,
      25.195669174194336,
      23.380096435546875,
      22.515562057495117,
      24.612606048583984,
      25.3297119140625,
      24.641590118408203,
      26.083250045776367,
      26.637039184570312,
      23.949874877929688,
      25.807050704956055,
      25.860641479492188,
      23.87612533569336,
      25.098499298095703,
      23.36808204650879,
      26.919137954711914,
      24.12554168701172,
      22.69112777709961,
      22.554553985595703,
      23.182941436767578,
      26.570650100708008,
      26.900188446044922,
      22.046899795532227,
      24.860116958618164,
      24.442398071289062,
      22.77983283996582,
      20.70313262939453,
      23.149019241333008,
      22.514728546142578,
      27.17927360534668,
      24.883920669555664,
      26.071062088012695,
      25.1014461517334,
      22.887432098388672,
      26.93354606628418,
      22.693490982055664,
      27.43494415283203,
      23.659677505493164,
      25.982370376586914,
      26.195613861083984,
      22.29148292541504,
      24.248077392578125,
      27.290863037109375,
      27.506797790527344,
      25.888446807861328,
      25.283939361572266,
      25.369232177734375,
      25.270360946655273,
      24.332794189453125,
      23.970531463623047,
      23.827396392822266,
      23.046234130859375,
      26.577239990234375,
      27.117481231689453,
      26.468990325927734,
      24.17312240600586,
      23.0255126953125,
      24.352100372314453,
      24.112089157104492,
      25.09649658203125,
      25.503141403198242,
      25.327260971069336,
      23.641557693481445,
      24.51890754699707,
      26.550273895263672,
      27.23170280456543,
      24.95708656311035,
      22.723133087158203,
      23.164356231689453,
      25.021516799926758,
      24.690502166748047,
      24.235088348388672,
      22.49200439453125,
      23.783695220947266,
      24.0389461517334,
      25.734704971313477,
      26.388742446899414,
      25.005353927612305,
      25.450963973999023,
      24.416873931884766,
      23.70117950439453,
      24.06879234313965,
      25.7708683013916,
      23.549776077270508,
      23.721158981323242,
      27.100711822509766,
      25.01728630065918,
      26.046545028686523,
      24.792808532714844,
      23.894990921020508,
      24.853374481201172,
      23.419034957885742,
      26.535472869873047,
      24.03063201904297,
      24.65753173828125,
      21.066146850585938,
      26.02281951904297,
      23.726150512695312,
      26.80924415588379,
      27.129192352294922,
      23.725839614868164,
      23.81082534790039,
      26.22791862487793,
      26.637950897216797,
      21.493989944458008,
      23.554166793823242,
      26.238269805908203,
      23.626768112182617,
      24.98046875,
      23.94997787475586,
      27.15947723388672,
      23.050790786743164,
      28.192874908447266,
      27.852842330932617,
      25.42679214477539,
      26.38475799560547,
      25.801176071166992,
      24.291688919067383,
      22.859760284423828,
      25.153654098510742,
      24.13593864440918,
      25.65654182434082,
      24.275684356689453,
      25.002315521240234,
      24.47458267211914,
      24.1807918548584,
      24.105472564697266,
      23.20258140563965,
      24.048765182495117,
      23.42757225036621,
      25.59316062927246,
      28.402305603027344,
      24.676036834716797,
      23.948415756225586,
      22.908971786499023,
      23.66428565979004,
      25.444055557250977,
      26.28455924987793,
      22.855756759643555,
      25.852270126342773,
      24.134109497070312,
      27.117233276367188,
      24.40104103088379,
      24.170879364013672,
      27.351486206054688,
      23.386075973510742,
      22.793758392333984,
      25.384904861450195,
      23.649442672729492,
      23.033863067626953,
      24.558351516723633,
      24.223323822021484,
      25.630882263183594,
      27.72266387939453,
      23.809459686279297,
      22.353328704833984,
      27.137147903442383,
      23.98776626586914,
      27.65176010131836,
      26.6025447845459,
      24.252473831176758,
      22.915590286254883,
      25.49320411682129,
      25.284879684448242,
      25.130924224853516,
      22.350845336914062,
      27.25075912475586,
      28.454858779907227,
      23.854331970214844,
      25.05741310119629,
      22.306438446044922,
      27.04682159423828,
      23.03413963317871,
      24.965484619140625,
      23.329090118408203,
      27.043384552001953,
      25.208702087402344,
      26.743104934692383,
      24.187904357910156,
      27.680206298828125,
      22.690521240234375,
      27.016429901123047,
      27.106538772583008,
      21.956266403198242
    ],