{
  "process_models": {
    "PulpHC": {
      "r2_score": 0.8564624984389451,
      "rmse": 3.960212253683223,
      "feature_importance": {
        "Ore": 0.20853905379772186,
        "WaterMill": 0.16891440749168396,
        "WaterZumpf": 0.15721267461776733,
        "MotorAmp": 0.46533387899398804
      },
      "model_type": "process_model",
      "input_vars": [
        "Ore",
        "WaterMill",
        "WaterZumpf",
        "MotorAmp"
      ],
      "output_var": "PulpHC"
    },
    "DensityHC": {
      "r2_score": 0.9013983881064682,
      "rmse": 4.862403273858381,
      "feature_importance": {
        "Ore": 0.19582504034042358,
        "WaterMill": 0.1624533087015152,
        "WaterZumpf": 0.17539837956428528,
        "MotorAmp": 0.46632325649261475
      },
      "model_type": "process_model",
      "input_vars": [
        "Ore",
        "WaterMill",
        "WaterZumpf",
        "MotorAmp"
      ],
      "output_var": "DensityHC"
    },
    "PressureHC": {
      "r2_score": 0.9498662466873683,
      "rmse": 0.0014781931481298914,
      "feature_importance": {
        "Ore": 0.2842313051223755,
        "WaterMill": 0.07246480137109756,
        "WaterZumpf": 0.5302018523216248,
        "MotorAmp": 0.11310204118490219
      },
      "model_type": "process_model",
      "input_vars": [
        "Ore",
        "WaterMill",
        "WaterZumpf",
        "MotorAmp"
      ],
      "output_var": "PressureHC"
    }
  },
  "quality_model": {
    "r2_score": -5.405032948343445,
    "rmse": 1.5091765959130043,
    "feature_importance": {
      "PulpHC": 0.16907384991645813,
      "DensityHC": 0.6129016876220703,
      "PressureHC": 0.21802443265914917
    },
    "model_type": "quality_model",
    "input_vars": [
      "PulpHC",
      "DensityHC",
      "PressureHC"
    ],
    "output_var": "PSI200",
    "cv_vars": [
      "PulpHC",
      "DensityHC",
      "PressureHC"
    ],
    "dv_vars": []
  },
  "chain_validation": {
    "r2_score": 0.4747009126141558,
    "rmse": 0.852612096955783,
    "mae": 0.6225264767983247,
    "n_samples": 200,
    "n_requested": 200,
    "predictions": [
      23.316707611083984,
      23.64320945739746,
      24.58476448059082,
      25.000226974487305,
      22.027786254882812,
      23.168167114257812,
      24.442386627197266,
      23.115320205688477,
      24.456754684448242,
      21.536846160888672,
      23.553756713867188,
      24.837121963500977,
      23.613086700439453,
      24.347902297973633,
      23.718175888061523,
      23.900239944458008,
      23.33798599243164,
      24.905088424682617,
      23.948074340820312,
      23.34261131286621,
      22.21061897277832,
      22.808509826660156,
      23.0635986328125,
      24.72405242919922,
      21.868627548217773,
      22.77928352355957,
      22.280746459960938,
      24.467187881469727,
      23.831398010253906,
      23.554079055786133,
      24.271997451782227,
      22.41876983642578,
      23.865819931030273,
      21.476421356201172,
      24.237287521362305,
      24.50267219543457,
      22.812393188476562,
      25.17328453063965,
      24.12411880493164,
      22.00141143798828,
      22.96949005126953,
      22.848953247070312,
      24.96108627319336,
      24.297740936279297,
      23.225688934326172,
      23.696622848510742,
      23.430866241455078,
      24.21788215637207,
      21.7575740814209,
      22.537553787231445,
      23.31205177307129,
      24.329116821289062,
      22.334444046020508,
      22.703475952148438,
      25.004940032958984,
      23.18752098083496,
      22.28911781311035,
      23.37070083618164,
      21.631120681762695,
      22.840103149414062,
      23.50565528869629,
      23.750274658203125,
      23.999494552612305,
      21.979522705078125,
      23.381790161132812,
      24.26699447631836,
      22.806976318359375,
      22.8337459564209,
      23.7524471282959,
      23.227479934692383,
      22.530935287475586,
      22.441865921020508,
      24.757532119750977,
      24.34560203552246,
      22.167238235473633,
      22.1510009765625,
      25.29412841796875,
      22.860374450683594,
      22.846702575683594,
      23.7539005279541,
      21.923580169677734,
      23.572599411010742,
      22.562036514282227,
      22.10205841064453,
      23.673948287963867,
      24.94645881652832,
      22.240556716918945,
      21.978015899658203,
      23.142913818359375,
      24.81870460510254,
      23.326496124267578,
      21.547677993774414,
      23.5809326171875,
      23.203561782836914,
      22.811243057250977,
      23.72301483154297,
      24.877105712890625,
      24.427827835083008,
      22.368667602539062,
      24.541595458984375,
      23.00984001159668,
      24.727705001831055,
      23.18563461303711,
      22.74183464050293,
      23.041318893432617,
      22.64288902282715,
      24.44059181213379,
      22.935197830200195,
      24.3253116607666,
      23.447948455810547,
      24.789331436157227,
      22.66278076171875,
      24.33978843688965,
      21.89425277709961,
      23.808366775512695,
      25.580482482910156,
      23.11113929748535,
      22.890853881835938,
      23.798233032226562,
      23.359724044799805,
      23.560714721679688,
      24.063766479492188,
      21.47418212890625,
      23.60154914855957,
      24.50425148010254,
      23.56658363342285,
      23.25816535949707,
      24.440547943115234,
      23.801916122436523,
      24.451393127441406,
      22.993833541870117,
      22.58694076538086,
      24.480945587158203,
      25.737686157226562,
      23.723474502563477,
      24.261823654174805,
      24.501720428466797,
      25.970256805419922,
      23.947826385498047,
      24.302194595336914,
      22.907604217529297,
      22.869367599487305,
      24.55228042602539,
      22.585622787475586,
      22.77124786376953,
      23.877737045288086,
      23.650196075439453,
      23.848962783813477,
      23.60235023498535,
      22.892822265625,
      24.363496780395508,
      22.517187118530273,
      24.650527954101562,
      25.06130027770996,
      24.172073364257812,
      24.389427185058594,
      24.353586196899414,
      22.420785903930664,
      23.096128463745117,
      23.747325897216797,
      22.667430877685547,
      24.596206665039062,
      25.20292854309082,
      24.41977882385254,
      24.281694412231445,
      23.535076141357422,
      24.597673416137695,
      23.780288696289062,
      22.342870712280273,
      22.337617874145508,
      22.20916175842285,
      24.669801712036133,
      24.396560668945312,
      23.571128845214844,
      22.76845932006836,
      23.5164794921875,
      21.94964599609375,
      22.35407829284668,
      23.99349594116211,
      24.77491569519043,
      24.291065216064453,
      24.059444427490234,
      23.10917091369629,
      25.891637802124023,
      24.378934860229492,
      23.462257385253906,
      23.243473052978516,
      24.848852157592773,
      24.93095588684082,
      23.629993438720703,
      22.273494720458984,
      23.1777400970459,
      21.828384399414062,
      23.785245895385742,
      22.214582443237305,
      25.610559463500977,
      23.398136138916016,
      23.29833221435547,
      24.62679672241211,
      23.336889266967773
    ],