{
  "process_models": {
    "PulpHC": {
      "r2_score": 0.8564624984389451,
      "rmse": 3.960212253683223,
      "feature_importance": {
        "Ore": 0.20853905379772186,
        "WaterMill": 0.16891440749168396,
        "WaterZumpf": 0.15721267461776733,
        "MotorAmp": 0.46533387899398804
      },
      "model_type": "process_model",
      "input_vars": [
        "Ore",
        "WaterMill",
        "WaterZumpf",
        "MotorAmp"
      ],
      "output_var": "PulpHC"
    },
    "DensityHC": {
      "r2_score": 0.9013983881064682,
      "rmse": 4.862403273858381,
      "feature_importance": {
        "Ore": 0.19582504034042358,
        "WaterMill": 0.1624533087015152,
        "WaterZumpf": 0.17539837956428528,
        "MotorAmp": 0.46632325649261475
      },
      "model_type": "process_model",
      "input_vars": [
        "Ore",
        "WaterMill",
        "WaterZumpf",
        "MotorAmp"
      ],
      "output_var": "DensityHC"
    },
    "PressureHC": {
      "r2_score": 0.9498662466873683,
      "rmse": 0.0014781931481298914,
      "feature_importance": {
        "Ore": 0.2842313051223755,
        "WaterMill": 0.07246480137109756,
        "WaterZumpf": 0.5302018523216248,
        "MotorAmp": 0.11310204118490219
      },
      "model_type": "process_model",
      "input_vars": [
        "Ore",
        "WaterMill",
        "WaterZumpf",
        "MotorAmp"
      ],
      "output_var": "PressureHC"
    }
  },
  "quality_model": {
    "r2_score": -5.405032948343445,
    "rmse": 1.5091765959130043,
    "feature_importance": {
      "PulpHC": 0.16907384991645813,
      "DensityHC": 0.6129016876220703,
      "PressureHC": 0.21802443265914917
    },
    "model_type": "quality_model",
    "input_vars": [
      "PulpHC",
      "DensityHC",
      "PressureHC"
    ],
    "output_var": "PSI200",
    "cv_vars": [
      "PulpHC",
      "DensityHC",
      "PressureHC"
    ],
    "dv_vars": []
  },
  "chain_validation": {
    "r2_score": 0.0,
    "rmse": 999.0,
    "mae": 999.0,
    "n_samples": 0,
    "n_requested": 200,
    "predictions": [],
    "actuals": []
  },
  "training_timestamp": "2025-09-25T12:52:18.153695",
  "data_shape": [
    19378,
    8
  ],
  "model_save_path": "c:\\Projects\\ok_dashboard\\python\\mills-xgboost\\app\\optimization_cascade\\cascade_models\\mill_7",
  "mill_number": 7,
  "feature_configuration": {
    "mv_features": [
      "Ore",
      "WaterMill",
      "WaterZumpf",
      "MotorAmp"
    ],
    "cv_features": [
      "PulpHC",
      "DensityHC",
      "PressureHC"
    ],
    "dv_features": [
      "Shisti",
      "Daiki",
      "Grano"
    ],
    "target_variable": "PSI200",
    "using_custom_features": 1
  }
}