{
  "process_models": {
    "PulpHC": {
      "r2_score": 0.8717807774131427,
      "rmse": 102.80694122870553,
      "feature_importance": {
        "Ore": 0.2673226296901703,
        "WaterMill": 0.2536856532096863,
        "WaterZumpf": 0.342521071434021,
        "MotorAmp": 0.13647061586380005
      },
      "model_type": "process_model",
      "input_vars": [
        "Ore",
        "WaterMill",
        "WaterZumpf",
        "MotorAmp"
      ],
      "output_var": "PulpHC"
    },
    "DensityHC": {
      "r2_score": 0.9579327399601668,
      "rmse": 45.36678186634325,
      "feature_importance": {
        "Ore": 0.057479143142700195,
        "WaterMill": 0.4127427339553833,
        "WaterZumpf": 0.44690215587615967,
        "MotorAmp": 0.08287592977285385
      },
      "model_type": "process_model",
      "input_vars": [
        "Ore",
        "WaterMill",
        "WaterZumpf",
        "MotorAmp"
      ],
      "output_var": "DensityHC"
    },
    "PressureHC": {
      "r2_score": 0.950209208567472,
      "rmse": 0.06438150104824633,
      "feature_importance": {
        "Ore": 0.420828253030777,
        "WaterMill": 0.1814306378364563,
        "WaterZumpf": 0.19264110922813416,
        "MotorAmp": 0.20510001480579376
      },
      "model_type": "process_model",
      "input_vars": [
        "Ore",
        "WaterMill",
        "WaterZumpf",
        "MotorAmp"
      ],
      "output_var": "PressureHC"
    }
  },
  "quality_model": {
    "r2_score": -0.3528994834180057,
    "rmse": 4.618639579066332,
    "feature_importance": {
      "PulpHC": 0.1993470937013626,
      "DensityHC": 0.6923665404319763,
      "PressureHC": 0.10828634351491928
    },
    "model_type": "quality_model",
    "input_vars": [
      "PulpHC",
      "DensityHC",
      "PressureHC"
    ],
    "output_var": "PSI200",
    "cv_vars": [
      "PulpHC",
      "DensityHC",
      "PressureHC"
    ],
    "dv_vars": []
  },
  "chain_validation": {
    "r2_score": -131333.86173160555,
    "rmse": 861.5278402016692,
    "mae": 761.292453387268,
    "n_samples": 200,
    "n_requested": 200,
    "predictions": [
      999.0,
      999.0,
      999.0,
      999.0,
      999.0,
      999.0,
      999.0,
      26.21022605895996,
      999.0,
      999.0,
      999.0,
      19.770936965942383,
      999.0,
      999.0,
      999.0,
      999.0,
      24.29484748840332,
      999.0,
      999.0,
      999.0,
      999.0,
      999.0,
      999.0,
      24.067855834960938,
      23.421377182006836,
      999.0,
      999.0,
      999.0,
      999.0,
      999.0,
      999.0,
      24.637521743774414,
      999.0,
      999.0,
      999.0,
      999.0,
      999.0,
      999.0,
      999.0,
      999.0,
      999.0,
      999.0,
      999.0,
      999.0,
      999.0,
      999.0,
      999.0,
      999.0,
      999.0,
      20.230815887451172,
      23.98686981201172,
      999.0,
      999.0,
      999.0,
      24.311037063598633,
      25.703611373901367,
      999.0,
      999.0,
      999.0,
      999.0,
      20.83905601501465,
      24.716123580932617,
      999.0,
      999.0,
      23.216310501098633,
      999.0,
      999.0,
      999.0,
      999.0,
      999.0,
      999.0,
      999.0,
      24.913463592529297,
      999.0,
      999.0,
      999.0,
      999.0,
      999.0,
      999.0,
      999.0,
      999.0,
      999.0,
      999.0,
      999.0,
      999.0,
      999.0,
      999.0,
      999.0,
      19.770936965942383,
      999.0,
      999.0,
      18.56745719909668,
      999.0,
      999.0,
      999.0,
      999.0,
      24.64130210876465,
      999.0,
      23.725078582763672,
      999.0,
      999.0,
      999.0,
      999.0,
      999.0,
      999.0,
      999.0,
      999.0,
      999.0,
      999.0,
      24.78135871887207,
      24.828828811645508,
      999.0,
      999.0,
      999.0,
      21.12619972229004,
      999.0,
      999.0,
      999.0,
      999.0,
      25.358118057250977,
      19.82036781311035,
      23.99214744567871,
      999.0,
      23.59280776977539,
      999.0,
      999.0,
      19.88973045349121,
      999.0,
      999.0,
      20.304887771606445,
      999.0,
      999.0,
      999.0,
      999.0,
      999.0,
      999.0,
      999.0,
      999.0,
      999.0,
      999.0,
      999.0,
      999.0,
      999.0,
      19.770936965942383,
      24.83262825012207,
      999.0,
      999.0,
      999.0,
      999.0,
      999.0,
      23.511470794677734,
      999.0,
      19.622804641723633,
      999.0,
      999.0,
      999.0,
      999.0,
      999.0,
      999.0,
      999.0,
      25.182706832885742,
      999.0,
      999.0,
      24.62306022644043,
      25.170944213867188,
      999.0,
      999.0,
      999.0,
      22.79510498046875,
      999.0,
      999.0,
      999.0,
      19.296649932861328,
      999.0,
      999.0,
      999.0,
      21.12619972229004,
      26.267623901367188,
      999.0,
      999.0,
      999.0,
      999.0,
      22.211326599121094,
      999.0,
      999.0,
      999.0,
      24.605688095092773,
      999.0,
      999.0,
      999.0,
      999.0,
      999.0,
      19.622804641723633,
      999.0,
      24.190610885620117,
      24.207387924194336,
      999.0,
      999.0,
      999.0,
      23.89119529724121
    ],