{
  "process_models": {
    "DensityHC": {
      "r2_score": 0.9787343903670784,
      "rmse": 3.6868502285649862,
      "feature_importance": {
        "Ore": 0.24832046031951904,
        "WaterMill": 0.36842554807662964,
        "WaterZumpf": 0.3832540214061737
      },
      "model_type": "process_model",
      "input_vars": [
        "Ore",
        "WaterMill",
        "WaterZumpf"
      ],
      "output_var": "DensityHC"
    },
    "PulpHC": {
      "r2_score": 0.9733844109875648,
      "rmse": 6.216816157706864,
      "feature_importance": {
        "Ore": 0.3081907629966736,
        "WaterMill": 0.26358672976493835,
        "WaterZumpf": 0.4282224774360657
      },
      "model_type": "process_model",
      "input_vars": [
        "Ore",
        "WaterMill",
        "WaterZumpf"
      ],
      "output_var": "PulpHC"
    },
    "PressureHC": {
      "r2_score": 0.9922141776073883,
      "rmse": 0.0029431936645221333,
      "feature_importance": {
        "Ore": 0.14281772077083588,
        "WaterMill": 0.2726159989833832,
        "WaterZumpf": 0.5845662355422974
      },
      "model_type": "process_model",
      "input_vars": [
        "Ore",
        "WaterMill",
        "WaterZumpf"
      ],
      "output_var": "PressureHC"
    },
    "CirculativeLoad": {
      "r2_score": 0.973668842839554,
      "rmse": 0.023427838545901494,
      "feature_importance": {
        "Ore": 0.28613153100013733,
        "WaterMill": 0.3057026267051697,
        "WaterZumpf": 0.408165842294693
      },
      "model_type": "process_model",
      "input_vars": [
        "Ore",
        "WaterMill",
        "WaterZumpf"
      ],
      "output_var": "CirculativeLoad"
    }
  },
  "quality_model": {
    "r2_score": 0.9825434270431455,
    "rmse": 0.2728816886712584,
    "feature_importance": {
      "DensityHC": 0.06691649556159973,
      "PulpHC": 0.06455234438180923,
      "PressureHC": 0.05147191137075424,
      "CirculativeLoad": 0.039435647428035736,
      "Class_15": 0.23292872309684753,
      "Daiki": 0.40448397397994995,
      "FE": 0.09737139195203781,
      "MotorAmp": 0.042839404195547104
    },
    "model_type": "quality_model",
    "input_vars": [
      "DensityHC",
      "PulpHC",
      "PressureHC",
      "CirculativeLoad",
      "Class_15",
      "Daiki",
      "FE",
      "MotorAmp"
    ],
    "output_var": "PSI200",
    "cv_vars": [
      "DensityHC",
      "PulpHC",
      "PressureHC",
      "CirculativeLoad"
    ],
    "dv_vars": [
      "Class_15",
      "Daiki",
      "FE",
      "MotorAmp"
    ]
  },
  "chain_validation": {
    "r2_score": 0.8162593641268654,
    "rmse": 0.9258533167000242,
    "mae": 0.3946227434899985,
    "n_samples": 200,
    "n_requested": 200,
    "predictions": [
      20.17682456970215,
      20.733421325683594,
      23.133386611938477,
      25.132728576660156,
      23.33595085144043,
      20.83180046081543,
      22.6055850982666,
      23.915157318115234,
      22.66594696044922,
      20.792278289794922,
      20.986459732055664,
      22.74801254272461,
      23.13363265991211,
      21.794645309448242,
      26.025798797607422,
      23.89503288269043,
      20.97580909729004,
      21.77005386352539,
      23.127845764160156,
      20.0780086517334,
      22.880308151245117,
      22.09259033203125,
      22.191295623779297,
      20.967641830444336,
      25.733861923217773,
      18.573484420776367,
      24.373376846313477,
      21.16497802734375,
      22.34324073791504,
      22.19772720336914,
      25.627838134765625,
      24.346155166625977,
      24.25851821899414,
      23.111074447631836,
      19.337100982666016,
      17.135461807250977,
      28.00515365600586,
      25.70407485961914,
      24.841167449951172,
      19.80638313293457,
      22.49827766418457,
      21.8741512298584,
      21.18260955810547,
      21.363576889038086,
      22.0860595703125,
      20.385744094848633,
      25.188961029052734,
      19.95037841796875,
      21.972856521606445,
      20.061107635498047,
      18.912826538085938,
      21.674049377441406,
      21.04517364501953,
      22.1832275390625,
      22.315319061279297,
      21.457128524780273,
      21.260873794555664,
      21.782615661621094,
      19.574905395507812,
      23.330352783203125,
      19.836042404174805,
      21.521459579467773,
      22.43105125427246,
      21.842777252197266,
      21.662967681884766,
      23.76106834411621,
      21.724315643310547,
      20.25421714782715,
      23.029998779296875,
      21.16783332824707,
      23.15458106994629,
      26.175642013549805,
      23.315322875976562,
      23.872453689575195,
      22.085399627685547,
      25.882110595703125,
      20.628171920776367,
      19.58298683166504,
      21.20934295654297,
      20.854679107666016,
      18.69803237915039,
      22.712581634521484,
      22.523611068725586,
      20.650222778320312,
      23.471736907958984,
      18.883583068847656,
      20.080713272094727,
      22.451045989990234,
      18.94188690185547,
      22.1486759185791,
      21.640697479248047,
      21.980632781982422,
      22.232864379882812,
      18.737060546875,
      20.52204132080078,
      23.92938804626465,
      18.087413787841797,
      19.86042594909668,
      26.129791259765625,
      23.666379928588867,
      24.535263061523438,
      21.18584632873535,
      22.76368522644043,
      24.142845153808594,
      20.906436920166016,
      24.913591384887695,
      19.786977767944336,
      19.73912811279297,
      22.076549530029297,
      22.939422607421875,
      24.462547302246094,
      20.117704391479492,
      20.845842361450195,
      21.539676666259766,
      19.96018409729004,
      21.487070083618164,
      23.694774627685547,
      20.586341857910156,
      22.048065185546875,
      23.138530731201172,
      24.538427352905273,
      23.7404842376709,
      21.205917358398438,
      21.100921630859375,
      21.125974655151367,
      21.282840728759766,
      19.662168502807617,
      21.87915802001953,
      23.238079071044922,
      21.293542861938477,
      21.585561752319336,
      23.437320709228516,
      23.280065536499023,
      23.41832733154297,
      22.866649627685547,
      21.472307205200195,
      21.14153289794922,
      21.161096572875977,
      25.827106475830078,
      21.60992431640625,
      22.491540908813477,
      19.86726951599121,
      21.39449119567871,
      21.587873458862305,
      22.472919464111328,
      21.792877197265625,
      21.574176788330078,
      22.836408615112305,
      21.942108154296875,
      20.945964813232422,
      19.977890014648438,
      22.850187301635742,
      24.070003509521484,
      22.184614181518555,
      20.8467960357666,
      22.0622501373291,
      22.58930778503418,
      21.68930435180664,
      20.236093521118164,
      23.006032943725586,
      20.93882179260254,
      24.084135055541992,
      24.115764617919922,
      21.675119400024414,
      20.084857940673828,
      22.89215850830078,
      24.819538116455078,
      24.274778366088867,
      21.778738021850586,
      21.63585090637207,
      23.268754959106445,
      22.953718185424805,
      24.12476348876953,
      22.199203491210938,
      21.912567138671875,
      21.376516342163086,
      22.911819458007812,
      23.268461227416992,
      22.89113426208496,
      21.222047805786133,
      23.888404846191406,
      21.987571716308594,
      22.536540985107422,
      20.757431030273438,
      21.96917152404785,
      22.78680419921875,
      22.938159942626953,
      20.911893844604492,
      20.181367874145508,
      21.062002182006836,
      21.983156204223633,
      23.8756046295166,
      21.353546142578125,
      21.52250862121582,
      20.68415069580078,
      19.997594833374023,
      26.709653854370117,
      20.753137588500977,
      20.954689025878906,
      22.240562438964844
    ],