{
  "process_models": {
    "PulpHC": {
      "r2_score": 0.9318642050909614,
      "rmse": 15.12374044300417,
      "feature_importance": {
        "Ore": 0.39008596539497375,
        "WaterMill": 0.2678041458129883,
        "WaterZumpf": 0.14086365699768066,
        "MotorAmp": 0.2012462019920349
      },
      "model_type": "process_model",
      "input_vars": [
        "Ore",
        "WaterMill",
        "WaterZumpf",
        "MotorAmp"
      ],
      "output_var": "PulpHC"
    },
    "DensityHC": {
      "r2_score": 0.9242802828498886,
      "rmse": 9.52846885693844,
      "feature_importance": {
        "Ore": 0.20671722292900085,
        "WaterMill": 0.403075635433197,
        "WaterZumpf": 0.1419856697320938,
        "MotorAmp": 0.2482214868068695
      },
      "model_type": "process_model",
      "input_vars": [
        "Ore",
        "WaterMill",
        "WaterZumpf",
        "MotorAmp"
      ],
      "output_var": "DensityHC"
    },
    "PressureHC": {
      "r2_score": 0.8511213258848787,
      "rmse": 0.011092555568687993,
      "feature_importance": {
        "Ore": 0.21025139093399048,
        "WaterMill": 0.3562992811203003,
        "WaterZumpf": 0.13863684237003326,
        "MotorAmp": 0.29481247067451477
      },
      "model_type": "process_model",
      "input_vars": [
        "Ore",
        "WaterMill",
        "WaterZumpf",
        "MotorAmp"
      ],
      "output_var": "PressureHC"
    }
  },
  "quality_model": {
    "r2_score": -1.3529879309888826,
    "rmse": 1.0188135350878298,
    "feature_importance": {
      "PulpHC": 0.1989218294620514,
      "DensityHC": 0.6159656047821045,
      "PressureHC": 0.18511250615119934
    },
    "model_type": "quality_model",
    "input_vars": [
      "PulpHC",
      "DensityHC",
      "PressureHC"
    ],
    "output_var": "PSI200",
    "cv_vars": [
      "PulpHC",
      "DensityHC",
      "PressureHC"
    ],
    "dv_vars": []
  },
  "chain_validation": {
    "r2_score": -6209.309172292134,
    "rmse": 207.0075819517466,
    "mae": 45.017773402321296,
    "n_samples": 200,
    "n_requested": 200,
    "predictions": [
      19.060190200805664,
      28.436477661132812,
      20.913808822631836,
      21.24978256225586,
      999.0,
      19.055891036987305,
      23.261775970458984,
      24.193744659423828,
      20.063087463378906,
      25.61703109741211,
      20.380809783935547,
      23.224058151245117,
      23.527624130249023,
      23.155044555664062,
      20.816984176635742,
      24.46636962890625,
      19.88051986694336,
      19.704832077026367,
      20.685195922851562,
      22.67934799194336,
      21.77834129333496,
      19.001754760742188,
      20.870176315307617,
      21.76080894470215,
      21.86347770690918,
      22.439579010009766,
      24.2855224609375,
      19.96579933166504,
      22.170196533203125,
      19.62938690185547,
      22.00228500366211,
      23.448261260986328,
      22.292078018188477,
      20.432687759399414,
      22.9989013671875,
      21.60664176940918,
      21.761999130249023,
      21.521865844726562,
      21.694503784179688,
      24.809114456176758,
      24.08317756652832,
      22.545522689819336,
      21.20470428466797,
      19.77770233154297,
      20.116613388061523,
      20.739105224609375,
      23.59591293334961,
      19.57955551147461,
      19.884124755859375,
      23.981334686279297,
      25.10411834716797,
      19.646957397460938,
      23.505321502685547,
      999.0,
      21.299482345581055,
      24.78726577758789,
      22.32017707824707,
      20.548442840576172,
      21.682498931884766,
      23.274890899658203,
      21.11168670654297,
      19.683305740356445,
      22.43447494506836,
      19.98080062866211,
      23.577430725097656,
      23.333311080932617,
      23.67306137084961,
      24.416461944580078,
      20.9000301361084,
      24.085878372192383,
      20.536418914794922,
      22.20472526550293,
      24.370235443115234,
      20.50874900817871,
      19.361482620239258,
      20.046979904174805,
      25.108034133911133,
      999.0,
      20.238853454589844,
      21.26554298400879,
      25.645280838012695,
      20.490449905395508,
      21.93231201171875,
      29.868370056152344,
      20.176815032958984,
      22.681970596313477,
      19.38877296447754,
      21.85182762145996,
      19.743953704833984,
      20.975717544555664,
      20.595489501953125,
      27.3765869140625,
      19.069421768188477,
      22.57893180847168,
      22.798555374145508,
      20.43181800842285,
      21.99985122680664,
      22.19023323059082,
      26.763334274291992,
      21.21253204345703,
      19.94349479675293,
      24.90301513671875,
      999.0,
      21.83516502380371,
      20.707687377929688,
      21.383127212524414,
      19.493728637695312,
      999.0,
      20.543737411499023,
      21.668306350708008,
      22.51658058166504,
      21.795698165893555,
      19.47075080871582,
      22.68657875061035,
      20.980859756469727,
      23.064741134643555,
      23.810514450073242,
      22.114458084106445,
      24.172332763671875,
      21.518619537353516,
      21.774900436401367,
      24.75006103515625,
      21.325634002685547,
      22.551130294799805,
      18.137310028076172,
      20.28151512145996,
      24.305442810058594,
      20.975290298461914,
      22.043529510498047,
      22.080087661743164,
      19.11554718017578,
      22.42874526977539,
      19.48529815673828,
      21.21827507019043,
      20.862375259399414,
      19.23440933227539,
      21.490352630615234,
      21.760478973388672,
      20.398235321044922,
      20.943035125732422,
      20.327421188354492,
      24.74440574645996,
      22.175594329833984,
      21.542539596557617,
      20.196596145629883,
      20.249496459960938,
      18.932737350463867,
      21.27159309387207,
      21.354724884033203,
      20.397415161132812,
      20.589487075805664,
      23.875717163085938,
      20.445100784301758,
      20.041860580444336,
      22.163959503173828,
      19.49785804748535,
      25.57682991027832,
      999.0,
      18.068758010864258,
      19.67447280883789,
      22.396644592285156,
      23.6982421875,
      17.237539291381836,
      21.11275863647461,
      999.0,
      20.97757911682129,
      21.419315338134766,
      24.212055206298828,
      29.334768295288086,
      24.933494567871094,
      19.6868896484375,
      24.8492374420166,
      29.214336395263672,
      24.269222259521484,
      19.11129379272461,
      21.807510375976562,
      22.31494140625,
      24.474895477294922,
      22.47365379333496,
      999.0,
      22.108097076416016,
      19.651756286621094,
      21.817224502563477,
      21.669090270996094,
      16.500625610351562,
      20.312847137451172,
      22.182825088500977,
      23.722002029418945,
      24.56550407409668,
      21.013408660888672,
      22.168577194213867,
      27.677570343017578,
      22.174047470092773,
      20.710439682006836,
      999.0,
      26.815824508666992,
      20.072364807128906,
      22.90167236328125,
      22.145275115966797,
      21.99102020263672
    ],