{
  "process_models": {
    "PulpHC": {
      "r2_score": 0.8165331685354831,
      "rmse": 13.605480498729847,
      "feature_importance": {
        "Ore": 0.26179149746894836,
        "WaterMill": 0.1748078465461731,
        "WaterZumpf": 0.2816644608974457,
        "MotorAmp": 0.28173619508743286
      },
      "model_type": "process_model",
      "input_vars": [
        "Ore",
        "WaterMill",
        "WaterZumpf",
        "MotorAmp"
      ],
      "output_var": "PulpHC"
    },
    "DensityHC": {
      "r2_score": 0.8870023381288197,
      "rmse": 8.70143826493337,
      "feature_importance": {
        "Ore": 0.0894518569111824,
        "WaterMill": 0.1653321385383606,
        "WaterZumpf": 0.11287137866020203,
        "MotorAmp": 0.6323446035385132
      },
      "model_type": "process_model",
      "input_vars": [
        "Ore",
        "WaterMill",
        "WaterZumpf",
        "MotorAmp"
      ],
      "output_var": "DensityHC"
    },
    "PressureHC": {
      "r2_score": 0.7372542474697387,
      "rmse": 0.011247188108383663,
      "feature_importance": {
        "Ore": 0.2758651375770569,
        "WaterMill": 0.25648143887519836,
        "WaterZumpf": 0.24814000725746155,
        "MotorAmp": 0.2195134460926056
      },
      "model_type": "process_model",
      "input_vars": [
        "Ore",
        "WaterMill",
        "WaterZumpf",
        "MotorAmp"
      ],
      "output_var": "PressureHC"
    }
  },
  "quality_model": {
    "r2_score": -0.12964642590220388,
    "rmse": 1.6534365589983364,
    "feature_importance": {
      "PulpHC": 0.20529645681381226,
      "DensityHC": 0.5898832082748413,
      "PressureHC": 0.20482036471366882
    },
    "model_type": "quality_model",
    "input_vars": [
      "PulpHC",
      "DensityHC",
      "PressureHC"
    ],
    "output_var": "PSI200",
    "cv_vars": [
      "PulpHC",
      "DensityHC",
      "PressureHC"
    ],
    "dv_vars": []
  },
  "chain_validation": {
    "r2_score": 0.0,
    "rmse": 999.0,
    "mae": 999.0,
    "n_samples": 0,
    "n_requested": 200,
    "predictions": [],
    "actuals": []
  },
  "training_timestamp": "2025-09-29T08:33:35.316497",
  "data_shape": [
    102076,
    8
  ],
  "model_save_path": "c:\\Projects\\ok_dashboard\\python\\mills-xgboost\\app\\optimization_cascade\\cascade_models\\mill_6",
  "mill_number": 6,
  "feature_configuration": {
    "mv_features": [
      "Ore",
      "WaterMill",
      "WaterZumpf",
      "MotorAmp"
    ],
    "cv_features": [
      "PulpHC",
      "DensityHC",
      "PressureHC"
    ],
    "dv_features": [
      "Shisti",
      "Daiki",
      "Grano"
    ],
    "target_variable": "PSI200",
    "using_custom_features": 1
  }
}