{
  "process_models": {
    "DensityHC": {
      "r2_score": 0.616613661023097,
      "rmse": 21.71965592515222,
      "feature_importance": {
        "Ore": 0.28470733761787415,
        "WaterMill": 0.31063783168792725,
        "WaterZumpf": 0.4046548306941986
      },
      "model_type": "process_model",
      "input_vars": [
        "Ore",
        "WaterMill",
        "WaterZumpf"
      ],
      "output_var": "DensityHC"
    },
    "PulpHC": {
      "r2_score": 0.8650452617806711,
      "rmse": 17.3826478392115,
      "feature_importance": {
        "Ore": 0.2716102600097656,
        "WaterMill": 0.23983512818813324,
        "WaterZumpf": 0.4885546565055847
      },
      "model_type": "process_model",
      "input_vars": [
        "Ore",
        "WaterMill",
        "WaterZumpf"
      ],
      "output_var": "PulpHC"
    },
    "PressureHC": {
      "r2_score": 0.74441467348064,
      "rmse": 0.017276490417089764,
      "feature_importance": {
        "Ore": 0.2646176517009735,
        "WaterMill": 0.3453969359397888,
        "WaterZumpf": 0.38998544216156006
      },
      "model_type": "process_model",
      "input_vars": [
        "Ore",
        "WaterMill",
        "WaterZumpf"
      ],
      "output_var": "PressureHC"
    },
    "CirculativeLoad": {
      "r2_score": 0.8057957474560478,
      "rmse": 0.08120279107547312,
      "feature_importance": {
        "Ore": 0.3344932198524475,
        "WaterMill": 0.24735774099826813,
        "WaterZumpf": 0.4181489944458008
      },
      "model_type": "process_model",
      "input_vars": [
        "Ore",
        "WaterMill",
        "WaterZumpf"
      ],
      "output_var": "CirculativeLoad"
    }
  },
  "quality_model": {
    "r2_score": 0.9430254520319455,
    "rmse": 0.6525763721401592,
    "feature_importance": {
      "DensityHC": 0.2009863555431366,
      "PulpHC": 0.058784496039152145,
      "PressureHC": 0.11065034568309784,
      "CirculativeLoad": 0.07806967943906784,
      "Class_15": 0.1557852178812027,
      "Daiki": 0.27069759368896484,
      "FE": 0.08411448448896408,
      "MotorAmp": 0.04091176763176918
    },
    "model_type": "quality_model",
    "input_vars": [
      "DensityHC",
      "PulpHC",
      "PressureHC",
      "CirculativeLoad",
      "Class_15",
      "Daiki",
      "FE",
      "MotorAmp"
    ],
    "output_var": "PSI200",
    "cv_vars": [
      "DensityHC",
      "PulpHC",
      "PressureHC",
      "CirculativeLoad"
    ],
    "dv_vars": [
      "Class_15",
      "Daiki",
      "FE",
      "MotorAmp"
    ]
  },
  "chain_validation": {
    "r2_score": -1.0397890298572654,
    "rmse": 96.079122035452,
    "mae": 68.55666112455873,
    "n_samples": 200,
    "n_requested": 200,
    "predictions": [
      17.451902389526367,
      22.134191513061523,
      22.362102508544922,
      24.461929321289062,
      21.18503189086914,
      22.67263412475586,
      18.961822509765625,
      19.226686477661133,
      19.655418395996094,
      17.826025009155273,
      20.83336639404297,
      20.111431121826172,
      22.374797821044922,
      21.2585506439209,
      19.250017166137695,
      20.408946990966797,
      23.96904182434082,
      24.114727020263672,
      24.880172729492188,
      23.013755798339844,
      20.94894027709961,
      25.74468994140625,
      20.725128173828125,
      27.5589656829834,
      24.55778694152832,
      23.891502380371094,
      21.64535903930664,
      19.84804916381836,
      20.353923797607422,
      22.395063400268555,
      20.187131881713867,
      22.260866165161133,
      23.28111457824707,
      19.700998306274414,
      22.53105926513672,
      16.879499435424805,
      23.13193130493164,
      23.836700439453125,
      18.99911880493164,
      22.31900978088379,
      23.16408920288086,
      25.248300552368164,
      23.810279846191406,
      21.898643493652344,
      21.284196853637695,
      22.950775146484375,
      23.36705780029297,
      25.147836685180664,
      19.59347152709961,
      22.59467887878418,
      22.47022247314453,
      22.641698837280273,
      24.661874771118164,
      20.602144241333008,
      19.766815185546875,
      20.625272750854492,
      22.6966552734375,
      22.484949111938477,
      20.458419799804688,
      19.64444351196289,
      19.1132755279541,
      22.92708969116211,
      20.854616165161133,
      23.0115966796875,
      23.90294647216797,
      21.318687438964844,
      24.94124412536621,
      23.708635330200195,
      22.415578842163086,
      20.95249366760254,
      22.100095748901367,
      26.52898597717285,
      22.895246505737305,
      18.69392967224121,
      20.161596298217773,
      22.898439407348633,
      21.419837951660156,
      22.783510208129883,
      19.03925895690918,
      23.54892921447754,
      22.28590202331543,
      20.47232437133789,
      24.039344787597656,
      23.681150436401367,
      22.264999389648438,
      21.661100387573242,
      19.692520141601562,
      21.941261291503906,
      26.873716354370117,
      22.424331665039062,
      22.91025161743164,
      21.266895294189453,
      23.282087326049805,
      21.64556884765625,
      21.23828125,
      21.82472038269043,
      23.657167434692383,
      23.936986923217773,
      23.781185150146484,
      24.95009994506836,
      20.829051971435547,
      22.231945037841797,
      23.309471130371094,
      20.90030288696289,
      23.700157165527344,
      23.008499145507812,
      21.90178680419922,
      24.491090774536133,
      19.43848419189453,
      17.0378360748291,
      24.04287338256836,
      19.78693389892578,
      21.706504821777344,
      22.304702758789062,
      22.20478057861328,
      21.16265296936035,
      18.547531127929688,
      21.865619659423828,
      24.033374786376953,
      23.088329315185547,
      20.2573299407959,
      23.272104263305664,
      20.998756408691406,
      23.34143829345703,
      23.44493865966797,
      20.47329330444336,
      20.73440170288086,
      20.829904556274414,
      24.13402557373047,
      22.138307571411133,
      21.214750289916992,
      20.1174259185791,
      21.902463912963867,
      24.28609275817871,
      21.192209243774414,
      23.285316467285156,
      20.960514068603516,
      27.84466552734375,
      22.14466667175293,
      23.69161033630371,
      23.169628143310547,
      23.405895233154297,
      25.222089767456055,
      23.21246337890625,
      19.201528549194336,
      19.612775802612305,
      21.857574462890625,
      24.68299102783203,
      19.770296096801758,
      22.088115692138672,
      23.588905334472656,
      20.10309600830078,
      26.237024307250977,
      19.87171173095703,
      22.145402908325195,
      17.546268463134766,
      20.695329666137695,
      21.555511474609375,
      23.24700164794922,
      23.791622161865234,
      21.40165901184082,
      16.737987518310547,
      20.11111831665039,
      24.77474021911621,
      21.681537628173828,
      20.140520095825195,
      25.6180477142334,
      19.425342559814453,
      20.119571685791016,
      18.997716903686523,
      20.50326156616211,
      23.787364959716797,
      29.558494567871094,
      23.477766036987305,
      23.019914627075195,
      23.856176376342773,
      24.37411117553711,
      22.56939697265625,
      20.637296676635742,
      24.09663963317871,
      21.545042037963867,
      20.35672378540039,
      23.21355438232422,
      23.709598541259766,
      26.1052303314209,
      21.04737663269043,
      23.11122703552246,
      23.492876052856445,
      23.45072364807129,
      22.779857635498047,
      21.998233795166016,
      23.823341369628906,
      23.96335220336914,
      22.218828201293945,
      22.66951560974121,
      19.850238800048828,
      21.98311424255371,
      22.461339950561523,
      24.759807586669922,
      17.426591873168945
    ],