{
  "process_models": {
    "PulpHC": {
      "r2_score": 0.9354607899250977,
      "rmse": 7.896428756269061,
      "feature_importance": {
        "Ore": 0.13778577744960785,
        "WaterMill": 0.17546769976615906,
        "WaterZumpf": 0.21876344084739685,
        "MotorAmp": 0.4679831266403198
      },
      "model_type": "process_model",
      "input_vars": [
        "Ore",
        "WaterMill",
        "WaterZumpf",
        "MotorAmp"
      ],
      "output_var": "PulpHC"
    },
    "DensityHC": {
      "r2_score": 0.9228899281511923,
      "rmse": 5.085849755283349,
      "feature_importance": {
        "Ore": 0.14549235999584198,
        "WaterMill": 0.3070019781589508,
        "WaterZumpf": 0.19497811794281006,
        "MotorAmp": 0.35252755880355835
      },
      "model_type": "process_model",
      "input_vars": [
        "Ore",
        "WaterMill",
        "WaterZumpf",
        "MotorAmp"
      ],
      "output_var": "DensityHC"
    },
    "PressureHC": {
      "r2_score": 0.8941910242130968,
      "rmse": 0.00712641019407858,
      "feature_importance": {
        "Ore": 0.2358642816543579,
        "WaterMill": 0.2789355218410492,
        "WaterZumpf": 0.35209840536117554,
        "MotorAmp": 0.13310182094573975
      },
      "model_type": "process_model",
      "input_vars": [
        "Ore",
        "WaterMill",
        "WaterZumpf",
        "MotorAmp"
      ],
      "output_var": "PressureHC"
    }
  },
  "quality_model": {
    "r2_score": -0.7615731254038018,
    "rmse": 1.948745898040759,
    "feature_importance": {
      "PulpHC": 0.18466858565807343,
      "DensityHC": 0.613939106464386,
      "PressureHC": 0.20139235258102417
    },
    "model_type": "quality_model",
    "input_vars": [
      "PulpHC",
      "DensityHC",
      "PressureHC"
    ],
    "output_var": "PSI200",
    "cv_vars": [
      "PulpHC",
      "DensityHC",
      "PressureHC"
    ],
    "dv_vars": []
  },
  "chain_validation": {
    "r2_score": 0.20665220939266138,
    "rmse": 1.2183869428645286,
    "mae": 0.8628346092635933,
    "n_samples": 200,
    "n_requested": 200,
    "predictions": [
      21.12140464782715,
      22.97234535217285,
      19.16627311706543,
      21.418193817138672,
      22.517742156982422,
      21.303491592407227,
      22.31878089904785,
      21.980514526367188,
      21.784534454345703,
      23.65336036682129,
      23.62118148803711,
      22.091623306274414,
      22.44411277770996,
      23.13852310180664,
      21.849853515625,
      23.032838821411133,
      21.555482864379883,
      22.835115432739258,
      20.331361770629883,
      22.531747817993164,
      22.61480140686035,
      23.581396102905273,
      23.55384063720703,
      21.041553497314453,
      21.657024383544922,
      21.53104591369629,
      22.186920166015625,
      21.736042022705078,
      22.339492797851562,
      22.113622665405273,
      22.588441848754883,
      23.282991409301758,
      23.051982879638672,
      24.073535919189453,
      21.681015014648438,
      21.351303100585938,
      22.341337203979492,
      22.4387149810791,
      20.247451782226562,
      22.412860870361328,
      21.553503036499023,
      23.598342895507812,
      24.390947341918945,
      22.913150787353516,
      20.097726821899414,
      21.050798416137695,
      20.169357299804688,
      19.955535888671875,
      23.35616111755371,
      20.560760498046875,
      19.71187973022461,
      23.692949295043945,
      21.231096267700195,
      23.539878845214844,
      21.534578323364258,
      23.323402404785156,
      18.942291259765625,
      22.795684814453125,
      21.87958335876465,
      20.625802993774414,
      24.492416381835938,
      23.021682739257812,
      21.525203704833984,
      19.26039695739746,
      22.880659103393555,
      20.056232452392578,
      20.6574764251709,
      23.311586380004883,
      20.78687858581543,
      23.518543243408203,
      20.11347007751465,
      21.239477157592773,
      22.322813034057617,
      22.593896865844727,
      21.380054473876953,
      21.422273635864258,
      20.56856918334961,
      23.78102684020996,
      22.160825729370117,
      21.173952102661133,
      23.111209869384766,
      21.133163452148438,
      22.486534118652344,
      22.798620223999023,
      21.6844539642334,
      21.53740119934082,
      23.02229118347168,
      22.80694007873535,
      22.904277801513672,
      23.317584991455078,
      22.11602210998535,
      21.397661209106445,
      21.09138298034668,
      22.5526180267334,
      22.514801025390625,
      22.173574447631836,
      20.940444946289062,
      22.545299530029297,
      19.889047622680664,
      22.330263137817383,
      21.42340850830078,
      22.235416412353516,
      22.443950653076172,
      23.712736129760742,
      22.558191299438477,
      21.891071319580078,
      20.917644500732422,
      21.643131256103516,
      22.074634552001953,
      20.707326889038086,
      22.762712478637695,
      21.123228073120117,
      22.643877029418945,
      20.457822799682617,
      22.395475387573242,
      24.835317611694336,
      20.990333557128906,
      22.838289260864258,
      23.5003662109375,
      21.479454040527344,
      22.395435333251953,
      21.067060470581055,
      21.1201114654541,
      23.589305877685547,
      22.20277976989746,
      23.869356155395508,
      23.346078872680664,
      22.265167236328125,
      22.703454971313477,
      22.876008987426758,
      19.84164810180664,
      21.766389846801758,
      21.890750885009766,
      21.963254928588867,
      21.31747817993164,
      23.331317901611328,
      19.917692184448242,
      22.151992797851562,
      21.20490074157715,
      20.809602737426758,
      21.972736358642578,
      21.37189292907715,
      23.083070755004883,
      21.630674362182617,
      21.36488914489746,
      21.842247009277344,
      21.858753204345703,
      20.734058380126953,
      23.787742614746094,
      23.309585571289062,
      23.236841201782227,
      21.615856170654297,
      22.00891876220703,
      21.799819946289062,
      21.26905059814453,
      21.724842071533203,
      22.176328659057617,
      21.5611515045166,
      21.38058853149414,
      23.122638702392578,
      21.78744125366211,
      21.718505859375,
      19.437929153442383,
      21.951948165893555,
      23.21266746520996,
      22.225820541381836,
      22.39439582824707,
      21.204832077026367,
      23.354387283325195,
      22.975231170654297,
      22.452516555786133,
      21.173057556152344,
      21.807432174682617,
      22.44554328918457,
      21.226512908935547,
      23.317928314208984,
      22.825056076049805,
      22.31998062133789,
      20.39649772644043,
      22.60007095336914,
      21.292678833007812,
      22.426259994506836,
      22.235563278198242,
      23.74758529663086,
      22.867238998413086,
      23.04376220703125,
      22.716983795166016,
      21.500268936157227,
      19.04743003845215,
      21.207027435302734,
      19.65526580810547,
      22.233285903930664,
      22.115163803100586,
      23.23311424255371,
      21.96898651123047,
      22.84475326538086,
      22.394006729125977,
      21.0321044921875,
      21.688087463378906,
      23.17888069152832
    ],