{
  "process_models": {
    "PulpHC": {
      "r2_score": 0.9308747881853244,
      "rmse": 6.3896462163848105,
      "feature_importance": {
        "Ore": 0.12833081185817719,
        "WaterMill": 0.11824046820402145,
        "WaterZumpf": 0.4539114832878113,
        "MotorAmp": 0.29951727390289307
      },
      "model_type": "process_model",
      "input_vars": [
        "Ore",
        "WaterMill",
        "WaterZumpf",
        "MotorAmp"
      ],
      "output_var": "PulpHC"
    },
    "DensityHC": {
      "r2_score": 0.9442133116505731,
      "rmse": 5.309972559663753,
      "feature_importance": {
        "Ore": 0.09950995445251465,
        "WaterMill": 0.21781732141971588,
        "WaterZumpf": 0.15849338471889496,
        "MotorAmp": 0.5241793394088745
      },
      "model_type": "process_model",
      "input_vars": [
        "Ore",
        "WaterMill",
        "WaterZumpf",
        "MotorAmp"
      ],
      "output_var": "DensityHC"
    },
    "PressureHC": {
      "r2_score": 0.8739941032752063,
      "rmse": 0.008954009392603287,
      "feature_importance": {
        "Ore": 0.3004174828529358,
        "WaterMill": 0.32430386543273926,
        "WaterZumpf": 0.20853547751903534,
        "MotorAmp": 0.16674309968948364
      },
      "model_type": "process_model",
      "input_vars": [
        "Ore",
        "WaterMill",
        "WaterZumpf",
        "MotorAmp"
      ],
      "output_var": "PressureHC"
    }
  },
  "quality_model": {
    "r2_score": -0.25727496632506486,
    "rmse": 2.7766675206805096,
    "feature_importance": {
      "PulpHC": 0.26110130548477173,
      "DensityHC": 0.5326031446456909,
      "PressureHC": 0.20629554986953735
    },
    "model_type": "quality_model",
    "input_vars": [
      "PulpHC",
      "DensityHC",
      "PressureHC"
    ],
    "output_var": "PSI200",
    "cv_vars": [
      "PulpHC",
      "DensityHC",
      "PressureHC"
    ],
    "dv_vars": []
  },
  "chain_validation": {
    "r2_score": 0.3953453419004027,
    "rmse": 1.73492387058545,
    "mae": 1.2677536405316092,
    "n_samples": 200,
    "n_requested": 200,
    "predictions": [
      23.723281860351562,
      24.228355407714844,
      20.549182891845703,
      21.713626861572266,
      21.27767562866211,
      25.224681854248047,
      23.60307502746582,
      21.179061889648438,
      22.014537811279297,
      22.2059326171875,
      25.46744155883789,
      21.05088996887207,
      23.52248191833496,
      21.503873825073242,
      26.39934730529785,
      22.613170623779297,
      20.021160125732422,
      22.848173141479492,
      21.24413299560547,
      23.386125564575195,
      23.876924514770508,
      23.875898361206055,
      22.179962158203125,
      21.02659034729004,
      21.522310256958008,
      21.525402069091797,
      25.904603958129883,
      21.166690826416016,
      20.264320373535156,
      21.631332397460938,
      20.70347023010254,
      21.953304290771484,
      21.365726470947266,
      21.89052391052246,
      26.17486000061035,
      23.24175262451172,
      24.360538482666016,
      22.504131317138672,
      24.113962173461914,
      22.181772232055664,
      23.92629623413086,
      20.474754333496094,
      21.915653228759766,
      22.675373077392578,
      21.77849769592285,
      24.593860626220703,
      24.807477951049805,
      24.460630416870117,
      24.972412109375,
      21.237688064575195,
      22.013559341430664,
      21.457351684570312,
      22.966808319091797,
      22.14712905883789,
      23.11749267578125,
      22.258819580078125,
      21.421611785888672,
      22.76091194152832,
      20.937095642089844,
      21.15952491760254,
      21.098237991333008,
      20.83441734313965,
      23.97970199584961,
      23.04893684387207,
      23.23518180847168,
      23.981426239013672,
      22.967144012451172,
      23.325284957885742,
      21.01413345336914,
      22.542057037353516,
      24.608095169067383,
      20.722421646118164,
      21.37313461303711,
      22.503061294555664,
      22.77601432800293,
      22.357229232788086,
      23.564916610717773,
      18.328737258911133,
      22.795740127563477,
      23.269153594970703,
      22.541418075561523,
      22.54550552368164,
      22.20944595336914,
      23.343198776245117,
      25.37967872619629,
      22.1617488861084,
      24.536882400512695,
      22.527475357055664,
      21.694488525390625,
      21.952533721923828,
      22.271835327148438,
      19.999954223632812,
      20.798412322998047,
      20.88154411315918,
      19.823265075683594,
      22.956661224365234,
      22.0385799407959,
      25.008691787719727,
      22.129425048828125,
      20.04628562927246,
      19.430036544799805,
      23.97547721862793,
      22.42625617980957,
      23.35917854309082,
      20.659391403198242,
      23.215240478515625,
      22.589645385742188,
      22.000499725341797,
      19.944488525390625,
      20.31157875061035,
      21.731216430664062,
      24.204744338989258,
      23.891328811645508,
      22.756202697753906,
      22.056373596191406,
      23.78335189819336,
      22.629165649414062,
      22.070301055908203,
      23.034780502319336,
      26.154939651489258,
      22.224538803100586,
      23.608596801757812,
      21.260944366455078,
      20.91338539123535,
      22.842641830444336,
      23.13593864440918,
      22.68595314025879,
      20.22028350830078,
      21.642751693725586,
      21.122968673706055,
      20.473997116088867,
      22.671707153320312,
      25.587528228759766,
      22.336715698242188,
      26.522241592407227,
      22.430700302124023,
      22.434953689575195,
      24.927318572998047,
      23.548023223876953,
      20.59347152709961,
      24.058330535888672,
      22.976518630981445,
      22.44131088256836,
      23.437978744506836,
      22.668874740600586,
      25.625377655029297,
      22.978355407714844,
      24.172513961791992,
      23.141944885253906,
      23.430192947387695,
      21.49811553955078,
      21.342626571655273,
      22.144283294677734,
      22.159826278686523,
      24.760873794555664,
      24.169647216796875,
      21.85646629333496,
      19.88096809387207,
      24.219213485717773,
      21.483224868774414,
      24.753530502319336,
      24.29522705078125,
      21.006715774536133,
      22.05000114440918,
      23.97564697265625,
      24.56839942932129,
      21.919843673706055,
      22.388957977294922,
      20.48262596130371,
      22.795217514038086,
      21.1331787109375,
      21.40510368347168,
      20.88513946533203,
      25.263256072998047,
      22.038528442382812,
      22.116905212402344,
      22.353673934936523,
      23.047819137573242,
      22.711200714111328,
      22.961101531982422,
      24.034738540649414,
      23.757915496826172,
      23.882402420043945,
      21.918458938598633,
      19.536426544189453,
      23.08003807067871,
      23.12013053894043,
      24.419403076171875,
      19.422117233276367,
      21.68914794921875,
      21.87813949584961,
      22.595172882080078,
      21.153345108032227,
      21.581127166748047,
      20.18715476989746,
      24.11127471923828,
      20.575305938720703,
      21.73534393310547,
      21.718849182128906,
      23.268413543701172
    ],