{
  "process_models": {
    "PulpHC": {
      "r2_score": 0.8896122407805527,
      "rmse": 15.014066957404774,
      "feature_importance": {
        "Ore": 0.32460543513298035,
        "WaterMill": 0.24222519993782043,
        "WaterZumpf": 0.18857577443122864,
        "MotorAmp": 0.24459362030029297
      },
      "model_type": "process_model",
      "input_vars": [
        "Ore",
        "WaterMill",
        "WaterZumpf",
        "MotorAmp"
      ],
      "output_var": "PulpHC"
    },
    "DensityHC": {
      "r2_score": 0.8900124940063937,
      "rmse": 11.21707015991317,
      "feature_importance": {
        "Ore": 0.17600078880786896,
        "WaterMill": 0.22508497536182404,
        "WaterZumpf": 0.13591015338897705,
        "MotorAmp": 0.46300411224365234
      },
      "model_type": "process_model",
      "input_vars": [
        "Ore",
        "WaterMill",
        "WaterZumpf",
        "MotorAmp"
      ],
      "output_var": "DensityHC"
    },
    "PressureHC": {
      "r2_score": 0.8782134011664164,
      "rmse": 0.012495040922451137,
      "feature_importance": {
        "Ore": 0.20467528700828552,
        "WaterMill": 0.34376052021980286,
        "WaterZumpf": 0.2622314989566803,
        "MotorAmp": 0.18933266401290894
      },
      "model_type": "process_model",
      "input_vars": [
        "Ore",
        "WaterMill",
        "WaterZumpf",
        "MotorAmp"
      ],
      "output_var": "PressureHC"
    }
  },
  "quality_model": {
    "r2_score": 0.32905372345785944,
    "rmse": 1.9646466731018144,
    "feature_importance": {
      "PulpHC": 0.20778608322143555,
      "DensityHC": 0.6163825392723083,
      "PressureHC": 0.1758313775062561
    },
    "model_type": "quality_model",
    "input_vars": [
      "PulpHC",
      "DensityHC",
      "PressureHC"
    ],
    "output_var": "PSI200",
    "cv_vars": [
      "PulpHC",
      "DensityHC",
      "PressureHC"
    ],
    "dv_vars": []
  },
  "chain_validation": {
    "r2_score": -3022.3808222756197,
    "rmse": 137.98035772183516,
    "mae": 20.767702333272645,
    "n_samples": 200,
    "n_requested": 200,
    "predictions": [
      19.85114860534668,
      20.531131744384766,
      25.779407501220703,
      22.343624114990234,
      20.59563636779785,
      22.422260284423828,
      24.526222229003906,
      21.462514877319336,
      21.573535919189453,
      25.570152282714844,
      20.054885864257812,
      21.72112464904785,
      27.520030975341797,
      19.86800765991211,
      21.90043067932129,
      21.706653594970703,
      23.257524490356445,
      23.104955673217773,
      28.29993438720703,
      20.18223762512207,
      999.0,
      21.592397689819336,
      22.81133460998535,
      22.046489715576172,
      17.789216995239258,
      21.77419662475586,
      21.76251220703125,
      23.23223114013672,
      22.058338165283203,
      23.302494049072266,
      21.559221267700195,
      22.907840728759766,
      22.0738582611084,
      20.46255111694336,
      21.39736557006836,
      999.0,
      21.705801010131836,
      22.582523345947266,
      23.11461067199707,
      27.129465103149414,
      20.46454620361328,
      18.520429611206055,
      23.075510025024414,
      21.980283737182617,
      22.19689178466797,
      21.23312759399414,
      23.93375587463379,
      19.69436264038086,
      20.34661293029785,
      21.12942123413086,
      21.538841247558594,
      22.382736206054688,
      22.53105354309082,
      23.10062026977539,
      23.115394592285156,
      24.29395866394043,
      23.42949104309082,
      22.31050682067871,
      21.14812660217285,
      20.775714874267578,
      22.394933700561523,
      22.00830078125,
      22.16391944885254,
      21.29184341430664,
      21.71575355529785,
      25.225566864013672,
      23.61069107055664,
      23.836139678955078,
      22.6938419342041,
      20.811002731323242,
      999.0,
      24.211936950683594,
      22.072006225585938,
      22.88442039489746,
      22.099897384643555,
      23.52235984802246,
      27.16653823852539,
      22.990659713745117,
      24.73501205444336,
      22.05508804321289,
      19.75482177734375,
      21.752344131469727,
      23.30372428894043,
      21.49495506286621,
      20.206249237060547,
      20.93805694580078,
      21.645954132080078,
      23.54791259765625,
      20.03457260131836,
      23.18433952331543,
      22.690513610839844,
      24.612953186035156,
      22.203149795532227,
      20.439796447753906,
      18.297391891479492,
      22.746196746826172,
      21.820884704589844,
      20.059736251831055,
      19.132287979125977,
      19.339645385742188,
      25.807283401489258,
      18.941152572631836,
      26.95099449157715,
      20.87928581237793,
      19.92746353149414,
      22.887754440307617,
      20.112451553344727,
      19.942649841308594,
      23.661420822143555,
      26.5672607421875,
      21.6781063079834,
      26.129655838012695,
      22.019020080566406,
      24.47244644165039,
      25.4022274017334,
      27.768634796142578,
      21.829118728637695,
      25.276756286621094,
      23.962772369384766,
      25.34669303894043,
      19.991783142089844,
      26.182645797729492,
      22.939788818359375,
      17.662532806396484,
      21.578346252441406,
      21.621488571166992,
      22.335758209228516,
      29.601194381713867,
      21.026865005493164,
      21.916889190673828,
      19.593143463134766,
      22.795427322387695,
      22.276674270629883,
      25.171369552612305,
      23.637941360473633,
      20.14506721496582,
      21.248409271240234,
      24.02545738220215,
      22.580568313598633,
      21.005054473876953,
      22.83476448059082,
      20.98348045349121,
      21.166576385498047,
      22.959383010864258,
      21.763221740722656,
      21.566444396972656,
      25.472219467163086,
      21.974163055419922,
      20.92842674255371,
      24.46590232849121,
      25.676023483276367,
      21.033306121826172,
      22.011404037475586,
      22.032142639160156,
      21.112375259399414,
      23.539581298828125,
      23.77083969116211,
      24.24535369873047,
      999.0,
      21.883108139038086,
      23.180402755737305,
      19.20639991760254,
      20.054885864257812,
      23.055734634399414,
      21.90303611755371,
      22.081628799438477,
      23.783035278320312,
      23.060340881347656,
      20.36684226989746,
      24.552621841430664,
      28.34942626953125,
      22.3170223236084,
      22.234416961669922,
      24.350784301757812,
      22.821016311645508,
      21.27356719970703,
      19.931060791015625,
      21.507295608520508,
      21.377904891967773,
      21.640178680419922,
      18.96616554260254,
      20.627920150756836,
      22.45318031311035,
      21.661252975463867,
      21.797332763671875,
      19.568363189697266,
      23.7477970123291,
      21.02684783935547,
      18.09769630432129,
      21.09501075744629,
      21.173561096191406,
      21.29812240600586,
      23.361412048339844,
      22.34653091430664,
      22.318801879882812,
      22.86668586730957,
      19.306468963623047,
      20.69005584716797,
      23.045787811279297,
      22.661386489868164
    ],