{
  "process_models": {
    "DensityHC": {
      "r2_score": 0.3515340542806836,
      "rmse": 22.555253089538123,
      "feature_importance": {
        "Ore": 0.2707858383655548,
        "WaterMill": 0.3062804043292999,
        "WaterZumpf": 0.42293375730514526
      },
      "model_type": "process_model",
      "input_vars": [
        "Ore",
        "WaterMill",
        "WaterZumpf"
      ],
      "output_var": "DensityHC"
    },
    "PulpHC": {
      "r2_score": 0.7903766826444641,
      "rmse": 15.699101117922769,
      "feature_importance": {
        "Ore": 0.2635173797607422,
        "WaterMill": 0.22866502404212952,
        "WaterZumpf": 0.5078175067901611
      },
      "model_type": "process_model",
      "input_vars": [
        "Ore",
        "WaterMill",
        "WaterZumpf"
      ],
      "output_var": "PulpHC"
    },
    "PressureHC": {
      "r2_score": 0.4491099022012116,
      "rmse": 0.04619578058310871,
      "feature_importance": {
        "Ore": 0.28171682357788086,
        "WaterMill": 0.2856793701648712,
        "WaterZumpf": 0.4326038360595703
      },
      "model_type": "process_model",
      "input_vars": [
        "Ore",
        "WaterMill",
        "WaterZumpf"
      ],
      "output_var": "PressureHC"
    },
    "CirculativeLoad": {
      "r2_score": 0.6434205405324243,
      "rmse": 0.08100403195653909,
      "feature_importance": {
        "Ore": 0.2929078936576843,
        "WaterMill": 0.2758241295814514,
        "WaterZumpf": 0.43126800656318665
      },
      "model_type": "process_model",
      "input_vars": [
        "Ore",
        "WaterMill",
        "WaterZumpf"
      ],
      "output_var": "CirculativeLoad"
    }
  },
  "quality_model": {
    "r2_score": 0.822055518561719,
    "rmse": 1.121184143405154,
    "feature_importance": {
      "DensityHC": 0.1748134046792984,
      "PulpHC": 0.0516807958483696,
      "PressureHC": 0.09898781776428223,
      "CirculativeLoad": 0.07185979187488556,
      "Class_15": 0.18830525875091553,
      "Daiki": 0.21332894265651703,
      "FE": 0.11753343790769577,
      "MotorAmp": 0.0834905356168747
    },
    "model_type": "quality_model",
    "input_vars": [
      "DensityHC",
      "PulpHC",
      "PressureHC",
      "CirculativeLoad",
      "Class_15",
      "Daiki",
      "FE",
      "MotorAmp"
    ],
    "output_var": "PSI200",
    "cv_vars": [
      "DensityHC",
      "PulpHC",
      "PressureHC",
      "CirculativeLoad"
    ],
    "dv_vars": [
      "Class_15",
      "Daiki",
      "FE",
      "MotorAmp"
    ]
  },
  "chain_validation": {
    "r2_score": 0.0,
    "rmse": 134.80748839944707,
    "mae": 134.79614585876465,
    "n_samples": 200,
    "n_requested": 200,
    "predictions": [
      19.0594425201416,
      19.36618423461914,
      18.79932975769043,
      21.308868408203125,
      20.1628360748291,
      24.166561126708984,
      21.993364334106445,
      20.524625778198242,
      22.10309600830078,
      22.715036392211914,
      21.499353408813477,
      21.007307052612305,
      22.004980087280273,
      21.914064407348633,
      20.506580352783203,
      25.479740142822266,
      25.371442794799805,
      23.505815505981445,
      22.825607299804688,
      20.752971649169922,
      22.370216369628906,
      23.03437042236328,
      22.46298599243164,
      19.894779205322266,
      20.29298210144043,
      22.95262908935547,
      23.21917724609375,
      21.4082088470459,
      19.885326385498047,
      24.45522689819336,
      23.226966857910156,
      18.845335006713867,
      22.605350494384766,
      24.700321197509766,
      21.3789005279541,
      24.048601150512695,
      21.380762100219727,
      22.77239227294922,
      24.592267990112305,
      25.62533950805664,
      23.204397201538086,
      19.921945571899414,
      22.660221099853516,
      23.7322940826416,
      19.724912643432617,
      21.218097686767578,
      24.47847557067871,
      22.283775329589844,
      23.39150619506836,
      25.96356964111328,
      21.668609619140625,
      19.694456100463867,
      23.419750213623047,
      22.4351863861084,
      23.35902976989746,
      21.771940231323242,
      22.794559478759766,
      23.697031021118164,
      22.495893478393555,
      22.381574630737305,
      18.64964485168457,
      22.505451202392578,
      22.5789737701416,
      21.08257484436035,
      22.586872100830078,
      23.425167083740234,
      21.052167892456055,
      23.922748565673828,
      27.138446807861328,
      21.803916931152344,
      18.880048751831055,
      20.37286376953125,
      19.942432403564453,
      20.272581100463867,
      20.394914627075195,
      21.655887603759766,
      21.780790328979492,
      23.02981948852539,
      21.988340377807617,
      22.435869216918945,
      21.733556747436523,
      22.967674255371094,
      24.814857482910156,
      21.917396545410156,
      22.936250686645508,
      17.472972869873047,
      21.338790893554688,
      23.442367553710938,
      18.102659225463867,
      20.297792434692383,
      23.44042205810547,
      21.671728134155273,
      20.92577362060547,
      23.322751998901367,
      24.51288414001465,
      23.144489288330078,
      20.567745208740234,
      22.229572296142578,
      23.40798568725586,
      23.44499397277832,
      23.099702835083008,
      22.587839126586914,
      21.901870727539062,
      18.897035598754883,
      24.09684944152832,
      22.625368118286133,
      21.32455825805664,
      23.179641723632812,
      22.7469539642334,
      22.2877254486084,
      20.20892906188965,
      22.7401065826416,
      19.697927474975586,
      22.27893829345703,
      24.5358943939209,
      25.448394775390625,
      23.744321823120117,
      23.074525833129883,
      23.06025505065918,
      22.881023406982422,
      23.484201431274414,
      24.107067108154297,
      23.10101318359375,
      22.004465103149414,
      22.50262451171875,
      22.759424209594727,
      20.998144149780273,
      21.566625595092773,
      18.112010955810547,
      23.151613235473633,
      20.02289581298828,
      23.222837448120117,
      23.200658798217773,
      19.331165313720703,
      21.889616012573242,
      22.453824996948242,
      19.59168815612793,
      18.338592529296875,
      21.33510971069336,
      22.083465576171875,
      26.33027458190918,
      21.56710433959961,
      22.145357131958008,
      21.880748748779297,
      22.542362213134766,
      23.138031005859375,
      22.342119216918945,
      20.96725845336914,
      22.10312843322754,
      21.08258628845215,
      21.783283233642578,
      21.724937438964844,
      22.730854034423828,
      20.972919464111328,
      21.46697235107422,
      22.93010902404785,
      20.883323669433594,
      21.40195655822754,
      21.34049415588379,
      23.49488639831543,
      23.27526092529297,
      21.854509353637695,
      27.426286697387695,
      21.420766830444336,
      26.90005111694336,
      20.84113121032715,
      24.986160278320312,
      20.720006942749023,
      21.923513412475586,
      22.31524658203125,
      23.77907943725586,
      21.797183990478516,
      21.553308486938477,
      23.260528564453125,
      19.929882049560547,
      20.6805419921875,
      20.981826782226562,
      25.690093994140625,
      23.801990509033203,
      22.906694412231445,
      22.93659210205078,
      20.202409744262695,
      22.227235794067383,
      24.82091522216797,
      21.888769149780273,
      21.622682571411133,
      23.2509765625,
      22.141855239868164,
      19.70890235900879,
      22.538333892822266,
      23.725059509277344,
      19.698720932006836,
      21.657936096191406,
      23.90594482421875,
      23.498380661010742,
      21.873193740844727,
      24.722434997558594,
      23.881914138793945,
      19.138545989990234,
      23.073598861694336
    ],