{
  "process_models": {
    "PulpHC": {
      "r2_score": 0.9355614753662136,
      "rmse": 9.659121699519554,
      "feature_importance": {
        "Ore": 0.16696497797966003,
        "WaterMill": 0.3220991790294647,
        "WaterZumpf": 0.12723752856254578,
        "MotorAmp": 0.38369834423065186
      },
      "model_type": "process_model",
      "input_vars": [
        "Ore",
        "WaterMill",
        "WaterZumpf",
        "MotorAmp"
      ],
      "output_var": "PulpHC"
    },
    "DensityHC": {
      "r2_score": 0.9600636106450137,
      "rmse": 5.586758495597249,
      "feature_importance": {
        "Ore": 0.08438735455274582,
        "WaterMill": 0.3381931185722351,
        "WaterZumpf": 0.13276419043540955,
        "MotorAmp": 0.4446554183959961
      },
      "model_type": "process_model",
      "input_vars": [
        "Ore",
        "WaterMill",
        "WaterZumpf",
        "MotorAmp"
      ],
      "output_var": "DensityHC"
    },
    "PressureHC": {
      "r2_score": 0.9475649510875161,
      "rmse": 0.006477465598136514,
      "feature_importance": {
        "Ore": 0.1243811845779419,
        "WaterMill": 0.4321567118167877,
        "WaterZumpf": 0.10638707876205444,
        "MotorAmp": 0.33707502484321594
      },
      "model_type": "process_model",
      "input_vars": [
        "Ore",
        "WaterMill",
        "WaterZumpf",
        "MotorAmp"
      ],
      "output_var": "PressureHC"
    }
  },
  "quality_model": {
    "r2_score": 0.48153884815744197,
    "rmse": 1.6966870240561946,
    "feature_importance": {
      "PulpHC": 0.04352620244026184,
      "DensityHC": 0.20670533180236816,
      "PressureHC": 0.06008097156882286,
      "Shisti": 0.1582372933626175,
      "Daiki": 0.1297578513622284,
      "Grano": 0.40169239044189453
    },
    "model_type": "quality_model",
    "input_vars": [
      "PulpHC",
      "DensityHC",
      "PressureHC",
      "Shisti",
      "Daiki",
      "Grano"
    ],
    "output_var": "PSI200",
    "cv_vars": [
      "PulpHC",
      "DensityHC",
      "PressureHC"
    ],
    "dv_vars": [
      "Shisti",
      "Daiki",
      "Grano"
    ]
  },
  "chain_validation": {
    "r2_score": -3744.9733736915905,
    "rmse": 97.79527069124097,
    "mae": 10.36502922685956,
    "n_samples": 200,
    "n_requested": 200,
    "predictions": [
      21.952730178833008,
      23.382261276245117,
      22.549020767211914,
      24.68584632873535,
      20.187942504882812,
      20.0310115814209,
      22.121978759765625,
      23.815885543823242,
      23.095535278320312,
      20.66279411315918,
      21.908498764038086,
      23.19709587097168,
      22.199886322021484,
      20.717100143432617,
      23.40315055847168,
      20.273483276367188,
      22.596969604492188,
      22.2960262298584,
      20.989261627197266,
      21.604333877563477,
      23.691213607788086,
      21.556930541992188,
      23.69737434387207,
      22.08500099182129,
      22.116697311401367,
      22.033538818359375,
      21.21512794494629,
      20.98996353149414,
      23.840255737304688,
      21.923797607421875,
      21.336294174194336,
      23.14249610900879,
      20.526613235473633,
      21.25347328186035,
      23.132545471191406,
      22.863317489624023,
      22.71755599975586,
      21.850908279418945,
      21.123838424682617,
      20.459228515625,
      20.24580192565918,
      21.08819580078125,
      999.0,
      22.07083511352539,
      20.965524673461914,
      23.427318572998047,
      20.745098114013672,
      21.914430618286133,
      21.052799224853516,
      20.528451919555664,
      21.828617095947266,
      22.289661407470703,
      22.52377700805664,
      21.836950302124023,
      20.719480514526367,
      21.633955001831055,
      21.27239418029785,
      20.058610916137695,
      22.833520889282227,
      19.744613647460938,
      999.0,
      21.93549156188965,
      21.00432777404785,
      21.12822151184082,
      23.993633270263672,
      21.309141159057617,
      21.099285125732422,
      21.159433364868164,
      20.64884376525879,
      22.740690231323242,
      21.770668029785156,
      21.761619567871094,
      23.819904327392578,
      22.763578414916992,
      22.769563674926758,
      21.91995620727539,
      22.054643630981445,
      21.83270263671875,
      20.88646125793457,
      21.233835220336914,
      20.922807693481445,
      23.629901885986328,
      21.21895408630371,
      23.598846435546875,
      20.93513298034668,
      22.693246841430664,
      21.390825271606445,
      20.76984977722168,
      20.979074478149414,
      21.03447151184082,
      21.565021514892578,
      22.25411033630371,
      20.911792755126953,
      22.12902069091797,
      22.788434982299805,
      22.639080047607422,
      23.997480392456055,
      23.58530044555664,
      24.144193649291992,
      23.515104293823242,
      20.66279411315918,
      22.79650115966797,
      23.878206253051758,
      20.903423309326172,
      23.240982055664062,
      21.353792190551758,
      22.009197235107422,
      22.356393814086914,
      23.144874572753906,
      21.96156883239746,
      21.452844619750977,
      22.002124786376953,
      21.36838150024414,
      23.779144287109375,
      21.52687644958496,
      21.960277557373047,
      20.838932037353516,
      20.604440689086914,
      22.473812103271484,
      21.244325637817383,
      21.24544906616211,
      21.01172637939453,
      22.492982864379883,
      22.955228805541992,
      23.392885208129883,
      22.25071144104004,
      21.191181182861328,
      21.773147583007812,
      22.191415786743164,
      22.898984909057617,
      21.88715171813965,
      21.11655616760254,
      22.605140686035156,
      23.306970596313477,
      21.667837142944336,
      23.57342529296875,
      20.687009811401367,
      23.264728546142578,
      22.12354278564453,
      21.001239776611328,
      23.108903884887695,
      23.50958251953125,
      20.854150772094727,
      19.4263858795166,
      22.139623641967773,
      22.543045043945312,
      23.338035583496094,
      21.346485137939453,
      21.007896423339844,
      24.06981086730957,
      21.629369735717773,
      23.009937286376953,
      20.892601013183594,
      23.35133934020996,
      23.57688331604004,
      21.584091186523438,
      23.218677520751953,
      23.400897979736328,
      21.31190299987793,
      20.747282028198242,
      23.627046585083008,
      21.8256893157959,
      23.780122756958008,
      21.011701583862305,
      23.761449813842773,
      20.391277313232422,
      21.585121154785156,
      19.1422061920166,
      20.9259033203125,
      21.056713104248047,
      20.882112503051758,
      19.889665603637695,
      20.8082332611084,
      22.17072105407715,
      23.35718536376953,
      21.32695198059082,
      23.62030792236328,
      20.898189544677734,
      21.703720092773438,
      21.740144729614258,
      20.998079299926758,
      23.2751522064209,
      22.12995719909668,
      23.76516342163086,
      23.472576141357422,
      23.732315063476562,
      23.088306427001953,
      20.719694137573242,
      21.245237350463867,
      21.167997360229492,
      20.897762298583984,
      21.669963836669922,
      21.24079704284668,
      23.462404251098633,
      23.65989875793457,
      23.389057159423828,
      23.7194881439209,
      23.254108428955078,
      23.3582706451416,
      20.67124366760254
    ],