{
  "process_models": {
    "PulpHC": {
      "r2_score": 0.8699880589034854,
      "rmse": 15.9818602039956,
      "feature_importance": {
        "Ore": 0.24856339395046234,
        "WaterMill": 0.28810593485832214,
        "WaterZumpf": 0.18219606578350067,
        "MotorAmp": 0.2811346650123596
      },
      "model_type": "process_model",
      "input_vars": [
        "Ore",
        "WaterMill",
        "WaterZumpf",
        "MotorAmp"
      ],
      "output_var": "PulpHC"
    },
    "DensityHC": {
      "r2_score": 0.8943040203877023,
      "rmse": 11.859928874457308,
      "feature_importance": {
        "Ore": 0.14725176990032196,
        "WaterMill": 0.3506090044975281,
        "WaterZumpf": 0.09638825058937073,
        "MotorAmp": 0.40575098991394043
      },
      "model_type": "process_model",
      "input_vars": [
        "Ore",
        "WaterMill",
        "WaterZumpf",
        "MotorAmp"
      ],
      "output_var": "DensityHC"
    },
    "PressureHC": {
      "r2_score": 0.8803448252027455,
      "rmse": 0.00954087902136446,
      "feature_importance": {
        "Ore": 0.23877190053462982,
        "WaterMill": 0.3270045816898346,
        "WaterZumpf": 0.17741143703460693,
        "MotorAmp": 0.25681203603744507
      },
      "model_type": "process_model",
      "input_vars": [
        "Ore",
        "WaterMill",
        "WaterZumpf",
        "MotorAmp"
      ],
      "output_var": "PressureHC"
    }
  },
  "quality_model": {
    "r2_score": -3943.5708168843503,
    "rmse": 109.94454385077329,
    "feature_importance": {
      "PulpHC": 0.6301150321960449,
      "DensityHC": 0.27201205492019653,
      "PressureHC": 0.09787292778491974
    },
    "model_type": "quality_model",
    "input_vars": [
      "PulpHC",
      "DensityHC",
      "PressureHC"
    ],
    "output_var": "PSI200",
    "cv_vars": [
      "PulpHC",
      "DensityHC",
      "PressureHC"
    ],
    "dv_vars": []
  },
  "chain_validation": {
    "r2_score": -386.6528084157727,
    "rmse": 72.73593996518355,
    "mae": 8.636696488077586,
    "n_samples": 200,
    "n_requested": 200,
    "predictions": [
      23.419689178466797,
      22.335481643676758,
      25.616390228271484,
      28.664060592651367,
      22.673355102539062,
      18.463764190673828,
      27.260963439941406,
      24.05544662475586,
      22.04560661315918,
      27.58803367614746,
      23.47974967956543,
      20.44395637512207,
      22.44679832458496,
      22.09547233581543,
      23.101003646850586,
      26.766794204711914,
      30.925085067749023,
      21.363861083984375,
      23.926660537719727,
      23.4791259765625,
      24.044143676757812,
      31.318918228149414,
      24.26711654663086,
      23.631025314331055,
      26.536788940429688,
      24.409208297729492,
      24.79507064819336,
      21.913293838500977,
      16.145944595336914,
      27.712324142456055,
      25.91753387451172,
      19.531147003173828,
      22.57822036743164,
      20.048580169677734,
      21.744346618652344,
      25.669126510620117,
      16.651304244995117,
      20.44560432434082,
      21.74254035949707,
      27.51554298400879,
      37.000160217285156,
      25.07874870300293,
      21.140871047973633,
      27.03465461730957,
      28.428787231445312,
      20.76475715637207,
      24.535524368286133,
      21.85171890258789,
      29.63825798034668,
      21.3741512298584,
      23.176870346069336,
      21.918609619140625,
      24.88713836669922,
      21.46494483947754,
      24.277219772338867,
      24.411102294921875,
      21.352264404296875,
      22.73794937133789,
      29.84943389892578,
      19.193870544433594,
      23.800968170166016,
      21.46632194519043,
      24.637718200683594,
      22.663921356201172,
      27.581579208374023,
      23.95616912841797,
      21.64848518371582,
      19.874263763427734,
      27.426738739013672,
      109.80462646484375,
      22.945119857788086,
      26.928579330444336,
      21.674074172973633,
      21.09945297241211,
      25.731639862060547,
      31.650014877319336,
      22.140050888061523,
      24.79295539855957,
      22.185062408447266,
      22.667667388916016,
      25.361461639404297,
      22.395545959472656,
      27.09731674194336,
      28.678756713867188,
      28.173839569091797,
      25.634695053100586,
      19.106647491455078,
      23.60073471069336,
      24.914371490478516,
      23.371658325195312,
      21.860328674316406,
      27.599777221679688,
      20.347700119018555,
      22.654253005981445,
      29.31170654296875,
      22.830150604248047,
      21.207937240600586,
      29.467487335205078,
      23.637636184692383,
      24.311180114746094,
      23.18444061279297,
      29.031291961669922,
      26.365585327148438,
      21.216968536376953,
      22.2418155670166,
      21.8856143951416,
      28.574819564819336,
      20.93272590637207,
      21.92579460144043,
      21.82581901550293,
      25.69535255432129,
      22.94112205505371,
      20.07607078552246,
      22.11794090270996,
      21.672876358032227,
      27.952640533447266,
      27.139352798461914,
      22.174985885620117,
      22.895774841308594,
      22.733535766601562,
      26.59454345703125,
      23.60787582397461,
      26.162790298461914,
      24.354307174682617,
      26.753887176513672,
      17.841962814331055,
      18.903501510620117,
      23.111774444580078,
      22.058006286621094,
      22.065662384033203,
      26.103252410888672,
      20.944623947143555,
      22.880714416503906,
      27.08814239501953,
      22.593528747558594,
      29.084915161132812,
      22.509729385375977,
      24.84663200378418,
      23.083675384521484,
      22.473859786987305,
      21.877321243286133,
      25.388158798217773,
      999.0,
      21.713834762573242,
      31.82408332824707,
      23.214597702026367,
      22.585416793823242,
      20.787206649780273,
      22.970849990844727,
      23.046247482299805,
      22.096879959106445,
      24.05643653869629,
      22.35744857788086,
      29.04916763305664,
      23.061302185058594,
      23.08799171447754,
      329.6307678222656,
      22.56809425354004,
      22.332876205444336,
      22.400039672851562,
      28.63130760192871,
      21.46501922607422,
      26.54393196105957,
      21.941734313964844,
      25.010692596435547,
      21.48287010192871,
      22.16520881652832,
      28.73711395263672,
      27.84830665588379,
      22.32816505432129,
      21.541536331176758,
      23.115467071533203,
      21.139253616333008,
      21.612224578857422,
      24.50836181640625,
      25.838361740112305,
      23.637636184692383,
      22.775386810302734,
      24.205778121948242,
      22.016090393066406,
      23.004871368408203,
      24.905242919921875,
      20.101228713989258,
      22.692447662353516,
      22.05419921875,
      22.198883056640625,
      30.778858184814453,
      23.63764190673828,
      21.34978485107422,
      21.62676429748535,
      22.172765731811523,
      25.178848266601562,
      22.65938949584961,
      23.818021774291992,
      24.91871452331543,
      22.449968338012695,
      26.67032814025879,
      24.645919799804688,
      35.02165603637695,
      28.321889877319336
    ],