{
  "process_models": {
    "DensityHC": {
      "r2_score": 0.8529152861229107,
      "rmse": 12.143690190999026,
      "feature_importance": {
        "Ore": 0.11827012151479721,
        "WaterMill": 0.09641244262456894,
        "WaterZumpf": 0.1282762885093689,
        "MotorAmp": 0.6570411920547485
      },
      "model_type": "process_model",
      "input_vars": [
        "Ore",
        "WaterMill",
        "WaterZumpf",
        "MotorAmp"
      ],
      "output_var": "DensityHC"
    },
    "PulpHC": {
      "r2_score": 0.9126770659497724,
      "rmse": 7.759438393567147,
      "feature_importance": {
        "Ore": 0.14900366961956024,
        "WaterMill": 0.16835075616836548,
        "WaterZumpf": 0.2146054059267044,
        "MotorAmp": 0.4680401682853699
      },
      "model_type": "process_model",
      "input_vars": [
        "Ore",
        "WaterMill",
        "WaterZumpf",
        "MotorAmp"
      ],
      "output_var": "PulpHC"
    },
    "PressureHC": {
      "r2_score": 0.6789574483273091,
      "rmse": 0.021427006994065564,
      "feature_importance": {
        "Ore": 0.1083267480134964,
        "WaterMill": 0.1233520433306694,
        "WaterZumpf": 0.5672893524169922,
        "MotorAmp": 0.20103181898593903
      },
      "model_type": "process_model",
      "input_vars": [
        "Ore",
        "WaterMill",
        "WaterZumpf",
        "MotorAmp"
      ],
      "output_var": "PressureHC"
    }
  },
  "quality_model": {
    "r2_score": 0.6620504630808927,
    "rmse": 1.2343264466219834,
    "feature_importance": {
      "DensityHC": 0.3523518145084381,
      "PulpHC": 0.1069449856877327,
      "PressureHC": 0.1373617798089981,
      "Class_15": 0.09146744012832642,
      "Daiki": 0.14565512537956238,
      "FE": 0.1662188321352005
    },
    "model_type": "quality_model",
    "input_vars": [
      "DensityHC",
      "PulpHC",
      "PressureHC",
      "Class_15",
      "Daiki",
      "FE"
    ],
    "output_var": "PSI200",
    "cv_vars": [
      "DensityHC",
      "PulpHC",
      "PressureHC"
    ],
    "dv_vars": [
      "Class_15",
      "Daiki",
      "FE"
    ]
  },
  "chain_validation": {
    "r2_score": 0.5002446084745387,
    "rmse": 1.4538517311610377,
    "mae": 1.143891039645183,
    "n_samples": 200,
    "n_requested": 200,
    "predictions": [
      23.133102416992188,
      23.071382522583008,
      20.97838592529297,
      20.518308639526367,
      22.169607162475586,
      23.125621795654297,
      24.88158416748047,
      23.05988311767578,
      22.346370697021484,
      21.864852905273438,
      20.490337371826172,
      24.147550582885742,
      22.44575309753418,
      21.888626098632812,
      21.86696434020996,
      22.37417221069336,
      23.06769371032715,
      20.51167106628418,
      20.490337371826172,
      22.870149612426758,
      21.6202335357666,
      20.43034553527832,
      25.57720184326172,
      21.293569564819336,
      21.905872344970703,
      24.147550582885742,
      25.285396575927734,
      23.028728485107422,
      21.12200927734375,
      21.64833641052246,
      22.595640182495117,
      22.415056228637695,
      24.778217315673828,
      21.5784854888916,
      20.19788360595703,
      22.826927185058594,
      21.905155181884766,
      20.998031616210938,
      22.475357055664062,
      21.11450958251953,
      22.34712791442871,
      22.76726722717285,
      22.776823043823242,
      22.43717384338379,
      22.49468231201172,
      21.809608459472656,
      21.005443572998047,
      22.764808654785156,
      23.028728485107422,
      21.905872344970703,
      20.73907470703125,
      21.104286193847656,
      21.905872344970703,
      23.002458572387695,
      22.770244598388672,
      21.40609359741211,
      22.6168155670166,
      22.891111373901367,
      21.6202335357666,
      22.486291885375977,
      21.732667922973633,
      22.823436737060547,
      21.40609359741211,
      24.06561279296875,
      23.01909828186035,
      21.929393768310547,
      21.612009048461914,
      22.595640182495117,
      21.824764251708984,
      21.492189407348633,
      20.446409225463867,
      22.776823043823242,
      23.028728485107422,
      22.48342514038086,
      26.61457061767578,
      21.817304611206055,
      23.050981521606445,
      20.911495208740234,
      22.52014923095703,
      22.194360733032227,
      23.072893142700195,
      21.03216552734375,
      22.026208877563477,
      23.075712203979492,
      21.190187454223633,
      23.099838256835938,
      21.60422706604004,
      20.903602600097656,
      23.028728485107422,
      20.896089553833008,
      21.098094940185547,
      24.11967658996582,
      21.49286460876465,
      20.556644439697266,
      22.959959030151367,
      21.49640464782715,
      22.955184936523438,
      22.478904724121094,
      24.19892120361328,
      23.051761627197266,
      24.157241821289062,
      20.95567512512207,
      20.543071746826172,
      26.61457061767578,
      23.05628776550293,
      22.0806827545166,
      24.81247901916504,
      21.73516082763672,
      22.776823043823242,
      24.06561279296875,
      22.333629608154297,
      23.059541702270508,
      23.059541702270508,
      24.147550582885742,
      22.042858123779297,
      25.139211654663086,
      21.92916488647461,
      22.97154998779297,
      22.76726722717285,
      22.969823837280273,
      21.065649032592773,
      22.482664108276367,
      21.0150089263916,
      20.518308639526367,
      21.78244400024414,
      24.147550582885742,
      22.88298988342285,
      21.463953018188477,
      21.365062713623047,
      24.81247901916504,
      21.642738342285156,
      23.05988311767578,
      22.870149612426758,
      24.7825870513916,
      24.97010040283203,
      21.779584884643555,
      21.21656036376953,
      21.241655349731445,
      21.03216552734375,
      24.198448181152344,
      21.511770248413086,
      21.137609481811523,
      20.498029708862305,
      22.662696838378906,
      24.194272994995117,
      21.626054763793945,
      23.032773971557617,
      21.775039672851562,
      23.071382522583008,
      24.143375396728516,
      25.93606185913086,
      23.11394691467285,
      20.82893180847168,
      21.83204460144043,
      23.075712203979492,
      21.703571319580078,
      22.065841674804688,
      24.315351486206055,
      22.077552795410156,
      26.425926208496094,
      22.18071937561035,
      22.832792282104492,
      23.222797393798828,
      23.01455307006836,
      20.16278076171875,
      21.481271743774414,
      23.009679794311523,
      23.080530166625977,
      21.989795684814453,
      20.490337371826172,
      22.66814422607422,
      23.05628776550293,
      23.001220703125,
      24.29096794128418,
      21.95219612121582,
      21.718948364257812,
      21.630268096923828,
      22.28253173828125,
      21.937854766845703,
      21.64833641052246,
      21.407033920288086,
      22.751089096069336,
      21.47261619567871,
      24.147550582885742,
      20.82893180847168,
      22.660812377929688,
      22.54911231994629,
      23.074871063232422,
      22.76726722717285,
      21.283519744873047,
      24.032241821289062,
      22.333629608154297,
      24.88158416748047,
      22.998830795288086,
      24.81247901916504,
      21.905155181884766,
      21.626054763793945,
      22.52014923095703,
      21.854114532470703,
      22.079458236694336
    ],