{
  "process_models": {
    "PulpHC": {
      "r2_score": 0.971292777535952,
      "rmse": 8.201651591542804,
      "feature_importance": {
        "Ore": 0.03683273121714592,
        "WaterMill": 0.22028274834156036,
        "WaterZumpf": 0.08854010701179504,
        "MotorAmp": 0.654344379901886
      },
      "model_type": "process_model",
      "input_vars": [
        "Ore",
        "WaterMill",
        "WaterZumpf",
        "MotorAmp"
      ],
      "output_var": "PulpHC"
    },
    "DensityHC": {
      "r2_score": 0.8921640938511886,
      "rmse": 5.716158035494191,
      "feature_importance": {
        "Ore": 0.1479152888059616,
        "WaterMill": 0.12300373613834381,
        "WaterZumpf": 0.33679863810539246,
        "MotorAmp": 0.39228230714797974
      },
      "model_type": "process_model",
      "input_vars": [
        "Ore",
        "WaterMill",
        "WaterZumpf",
        "MotorAmp"
      ],
      "output_var": "DensityHC"
    },
    "PressureHC": {
      "r2_score": 0.9079123283263526,
      "rmse": 0.007754400596809825,
      "feature_importance": {
        "Ore": 0.21607369184494019,
        "WaterMill": 0.1627509444952011,
        "WaterZumpf": 0.25389209389686584,
        "MotorAmp": 0.36728328466415405
      },
      "model_type": "process_model",
      "input_vars": [
        "Ore",
        "WaterMill",
        "WaterZumpf",
        "MotorAmp"
      ],
      "output_var": "PressureHC"
    }
  },
  "quality_model": {
    "r2_score": -0.15760152572673958,
    "rmse": 1.2901522080627115,
    "feature_importance": {
      "PulpHC": 0.420248806476593,
      "DensityHC": 0.4120337665081024,
      "PressureHC": 0.16771739721298218
    },
    "model_type": "quality_model",
    "input_vars": [
      "PulpHC",
      "DensityHC",
      "PressureHC"
    ],
    "output_var": "PSI200",
    "cv_vars": [
      "PulpHC",
      "DensityHC",
      "PressureHC"
    ],
    "dv_vars": []
  },
  "chain_validation": {
    "r2_score": 0.5615314426928614,
    "rmse": 1.056153714127386,
    "mae": 0.7672857615356432,
    "n_samples": 200,
    "predictions": [
      20.68934440612793,
      19.465919494628906,
      21.685070037841797,
      19.875961303710938,
      21.97456932067871,
      21.224336624145508,
      21.560192108154297,
      20.104503631591797,
      19.75220489501953,
      20.555767059326172,
      20.672222137451172,
      19.844205856323242,
      21.616283416748047,
      21.222742080688477,
      19.4532527923584,
      19.634721755981445,
      20.133085250854492,
      18.55710792541504,
      19.435482025146484,
      19.48970603942871,
      21.495058059692383,
      21.20163917541504,
      22.400524139404297,
      22.15608787536621,
      20.030311584472656,
      19.966297149658203,
      19.013484954833984,
      21.76080322265625,
      21.597049713134766,
      23.121932983398438,
      22.041648864746094,
      22.616819381713867,
      22.574420928955078,
      20.891469955444336,
      22.35923957824707,
      21.71746063232422,
      21.937320709228516,
      20.734952926635742,
      20.766685485839844,
      22.23898696899414,
      20.093299865722656,
      22.302352905273438,
      18.421789169311523,
      22.261606216430664,
      21.355058670043945,
      21.527128219604492,
      22.799530029296875,
      22.204627990722656,
      19.05584144592285,
      21.90631103515625,
      17.140228271484375,
      20.623559951782227,
      21.944236755371094,
      22.75913429260254,
      22.198768615722656,
      19.801868438720703,
      22.132596969604492,
      19.488500595092773,
      19.576231002807617,
      20.396955490112305,
      19.62544822692871,
      21.89779281616211,
      21.97810935974121,
      19.597599029541016,
      21.84776496887207,
      20.816673278808594,
      23.886613845825195,
      23.03339195251465,
      20.22157859802246,
      19.077194213867188,
      19.647706985473633,
      20.60901641845703,
      22.817598342895508,
      19.372928619384766,
      20.540319442749023,
      21.91840362548828,
      21.545379638671875,
      20.338157653808594,
      25.1734561920166,
      20.333925247192383,
      20.915414810180664,
      21.26285743713379,
      20.728530883789062,
      22.198768615722656,
      21.657320022583008,
      21.570119857788086,
      21.62277603149414,
      22.365833282470703,
      18.853702545166016,
      22.245882034301758,
      22.6945743560791,
      22.207141876220703,
      20.27886199951172,
      20.340648651123047,
      21.737146377563477,
      22.265079498291016,
      19.3523006439209,
      21.836551666259766,
      20.30608367919922,
      22.200523376464844,
      19.769933700561523,
      22.961578369140625,
      19.5322208404541,
      20.534713745117188,
      20.776165008544922,
      19.0604248046875,
      20.49979591369629,
      22.413190841674805,
      22.108837127685547,
      22.239606857299805,
      19.853849411010742,
      23.118396759033203,
      18.824222564697266,
      20.213085174560547,
      19.91485595703125,
      20.925861358642578,
      20.98830795288086,
      21.941619873046875,
      21.015644073486328,
      19.65728759765625,
      22.81138801574707,
      22.42052459716797,
      19.693559646606445,
      22.52298927307129,
      22.218570709228516,
      21.123214721679688,
      22.914655685424805,
      21.343017578125,
      20.350893020629883,
      20.36588478088379,
      20.6922664642334,
      18.812274932861328,
      20.595182418823242,
      21.556039810180664,
      19.498310089111328,
      20.23777961730957,
      21.479463577270508,
      20.625682830810547,
      22.397172927856445,
      20.063621520996094,
      19.761056900024414,
      24.412303924560547,
      19.54057502746582,
      20.342613220214844,
      21.49681854248047,
      20.62302589416504,
      21.335914611816406,
      22.37420654296875,
      21.489831924438477,
      23.118396759033203,
      22.066364288330078,
      19.760419845581055,
      22.268245697021484,
      19.182476043701172,
      21.011760711669922,
      21.867053985595703,
      22.40410041809082,
      20.827350616455078,
      21.976354598999023,
      19.344982147216797,
      22.07529640197754,
      22.870615005493164,
      22.6473445892334,
      22.22870635986328,
      20.98406219482422,
      20.59024429321289,
      22.065776824951172,
      23.27060317993164,
      24.762195587158203,
      19.93036651611328,
      23.7315673828125,
      22.792831420898438,
      20.80259895324707,
      21.12455177307129,
      23.626630783081055,
      20.130796432495117,
      22.669240951538086,
      18.847583770751953,
      22.168161392211914,
      19.984678268432617,
      19.936098098754883,
      19.349742889404297,
      20.9912166595459,
      23.219308853149414,
      21.198984146118164,
      20.389713287353516,
      22.221790313720703,
      20.750444412231445,
      22.948932647705078,
      22.797393798828125,
      19.620267868041992,
      22.25200080871582,
      19.79646873474121,
      22.579280853271484,
      19.88755226135254,
      21.188919067382812,
      24.25398826599121,
      21.422447204589844,
      21.239192962646484,
      21.923118591308594
    ],