{
  "process_models": {
    "PulpHC": {
      "r2_score": 0.8102245527061135,
      "rmse": 13.80916838215785,
      "feature_importance": {
        "Ore": 0.2555532455444336,
        "WaterMill": 0.1933976709842682,
        "WaterZumpf": 0.26600372791290283,
        "MotorAmp": 0.285045325756073
      },
      "model_type": "process_model",
      "input_vars": [
        "Ore",
        "WaterMill",
        "WaterZumpf",
        "MotorAmp"
      ],
      "output_var": "PulpHC"
    },
    "DensityHC": {
      "r2_score": 0.8886812501782476,
      "rmse": 8.439403668389591,
      "feature_importance": {
        "Ore": 0.09679731726646423,
        "WaterMill": 0.1808958798646927,
        "WaterZumpf": 0.10732873529195786,
        "MotorAmp": 0.6149780750274658
      },
      "model_type": "process_model",
      "input_vars": [
        "Ore",
        "WaterMill",
        "WaterZumpf",
        "MotorAmp"
      ],
      "output_var": "DensityHC"
    },
    "PressureHC": {
      "r2_score": 0.745982462015304,
      "rmse": 0.011017119799888297,
      "feature_importance": {
        "Ore": 0.2555975615978241,
        "WaterMill": 0.2778138220310211,
        "WaterZumpf": 0.24479646980762482,
        "MotorAmp": 0.2217921018600464
      },
      "model_type": "process_model",
      "input_vars": [
        "Ore",
        "WaterMill",
        "WaterZumpf",
        "MotorAmp"
      ],
      "output_var": "PressureHC"
    }
  },
  "quality_model": {
    "r2_score": -0.20383338674207763,
    "rmse": 1.6852808177646081,
    "feature_importance": {
      "PulpHC": 0.21581900119781494,
      "DensityHC": 0.5848186016082764,
      "PressureHC": 0.1993623524904251
    },
    "model_type": "quality_model",
    "input_vars": [
      "PulpHC",
      "DensityHC",
      "PressureHC"
    ],
    "output_var": "PSI200",
    "cv_vars": [
      "PulpHC",
      "DensityHC",
      "PressureHC"
    ],
    "dv_vars": []
  },
  "chain_validation": {
    "r2_score": 0.35144099022580166,
    "rmse": 1.9596778972007145,
    "mae": 1.4910169427833144,
    "n_samples": 200,
    "n_requested": 200,
    "predictions": [
      23.668537139892578,
      22.732086181640625,
      22.407129287719727,
      21.545886993408203,
      21.299789428710938,
      23.641849517822266,
      21.004932403564453,
      23.567338943481445,
      23.963436126708984,
      21.345542907714844,
      19.33209228515625,
      20.588930130004883,
      25.311336517333984,
      21.42945098876953,
      20.952529907226562,
      25.453868865966797,
      24.020320892333984,
      25.325607299804688,
      22.099946975708008,
      23.5500431060791,
      22.159799575805664,
      21.380111694335938,
      21.457117080688477,
      23.5682430267334,
      22.09145736694336,
      22.76465606689453,
      22.49791717529297,
      26.144559860229492,
      20.11580467224121,
      24.28998565673828,
      25.721609115600586,
      27.045434951782227,
      18.326763153076172,
      23.055591583251953,
      24.07805061340332,
      22.75168800354004,
      21.213844299316406,
      21.750282287597656,
      20.143220901489258,
      24.465984344482422,
      22.12185287475586,
      23.176008224487305,
      22.73896026611328,
      24.053646087646484,
      19.861021041870117,
      21.142576217651367,
      25.46376609802246,
      23.2806339263916,
      21.84986686706543,
      18.748525619506836,
      21.515962600708008,
      21.249006271362305,
      24.039491653442383,
      21.515962600708008,
      18.365615844726562,
      23.755762100219727,
      20.33717918395996,
      22.564781188964844,
      22.207508087158203,
      20.641447067260742,
      23.176626205444336,
      22.066028594970703,
      25.56319808959961,
      22.65220069885254,
      22.96657943725586,
      25.785179138183594,
      23.547290802001953,
      25.641796112060547,
      24.779098510742188,
      20.702198028564453,
      22.74932861328125,
      20.73579216003418,
      22.706806182861328,
      19.90042495727539,
      20.782136917114258,
      22.51238250732422,
      24.628814697265625,
      21.121871948242188,
      22.985898971557617,
      21.92186737060547,
      20.452035903930664,
      22.276443481445312,
      21.675888061523438,
      23.90033531188965,
      21.734878540039062,
      21.713808059692383,
      22.06165885925293,
      20.845508575439453,
      20.932828903198242,
      21.337743759155273,
      23.991498947143555,
      22.334854125976562,
      22.994951248168945,
      23.133161544799805,
      20.828350067138672,
      22.626686096191406,
      24.329465866088867,
      19.455263137817383,
      23.005224227905273,
      23.740558624267578,
      20.791269302368164,
      22.669267654418945,
      21.372570037841797,
      22.36208724975586,
      23.400054931640625,
      21.602062225341797,
      23.162294387817383,
      24.07598876953125,
      23.1591854095459,
      22.774730682373047,
      22.524078369140625,
      24.57305335998535,
      21.53144073486328,
      20.35026741027832,
      22.497081756591797,
      22.069976806640625,
      21.881973266601562,
      22.359760284423828,
      21.703344345092773,
      22.422000885009766,
      20.641250610351562,
      27.35312271118164,
      20.551212310791016,
      20.626487731933594,
      23.885112762451172,
      23.648412704467773,
      26.50673484802246,
      21.220407485961914,
      25.88140296936035,
      22.924243927001953,
      21.340248107910156,
      21.65158462524414,
      26.93100357055664,
      22.209903717041016,
      24.686601638793945,
      25.139169692993164,
      23.792015075683594,
      23.05746078491211,
      21.098342895507812,
      18.904443740844727,
      23.94490623474121,
      22.549991607666016,
      23.770626068115234,
      20.9008846282959,
      24.03414535522461,
      23.633386611938477,
      28.056081771850586,
      23.6055908203125,
      24.102378845214844,
      22.3218994140625,
      20.277814865112305,
      24.460840225219727,
      25.001848220825195,
      22.363372802734375,
      22.96974754333496,
      20.499298095703125,
      19.392148971557617,
      28.16565704345703,
      23.29547882080078,
      21.297019958496094,
      20.783096313476562,
      23.801532745361328,
      22.711772918701172,
      24.034507751464844,
      20.97211456298828,
      26.155397415161133,
      22.932430267333984,
      24.770977020263672,
      18.96523094177246,
      19.88103675842285,
      19.234966278076172,
      25.354379653930664,
      19.209754943847656,
      23.151508331298828,
      22.739032745361328,
      22.615604400634766,
      27.099529266357422,
      24.526235580444336,
      24.602861404418945,
      19.345245361328125,
      25.04398536682129,
      21.793975830078125,
      22.451007843017578,
      22.5185604095459,
      26.82228660583496,
      23.19782066345215,
      22.428255081176758,
      22.73411750793457,
      23.750465393066406,
      21.476146697998047,
      28.131973266601562,
      24.174785614013672,
      20.140844345092773,
      22.974855422973633,
      23.247135162353516,
      21.22610092163086,
      22.923442840576172,
      20.087915420532227,
      18.29120635986328,
      23.608539581298828
    ],