{
  "process_models": {
    "DensityHC": {
      "r2_score": 0.6390351781921488,
      "rmse": 20.86500070924677,
      "feature_importance": {
        "Ore": 0.23034784197807312,
        "WaterMill": 0.24811473488807678,
        "WaterZumpf": 0.5215374231338501
      },
      "model_type": "process_model",
      "input_vars": [
        "Ore",
        "WaterMill",
        "WaterZumpf"
      ],
      "output_var": "DensityHC"
    },
    "PulpHC": {
      "r2_score": 0.7357760021176458,
      "rmse": 18.88963148101292,
      "feature_importance": {
        "Ore": 0.20710571110248566,
        "WaterMill": 0.208303302526474,
        "WaterZumpf": 0.5845909714698792
      },
      "model_type": "process_model",
      "input_vars": [
        "Ore",
        "WaterMill",
        "WaterZumpf"
      ],
      "output_var": "PulpHC"
    },
    "PressureHC": {
      "r2_score": 0.8757714488549483,
      "rmse": 0.01826718544054744,
      "feature_importance": {
        "Ore": 0.252579003572464,
        "WaterMill": 0.33233770728111267,
        "WaterZumpf": 0.41508328914642334
      },
      "model_type": "process_model",
      "input_vars": [
        "Ore",
        "WaterMill",
        "WaterZumpf"
      ],
      "output_var": "PressureHC"
    },
    "CirculativeLoad": {
      "r2_score": 0.6933616235917714,
      "rmse": 0.1676158501931189,
      "feature_importance": {
        "Ore": 0.3841935992240906,
        "WaterMill": 0.29596173763275146,
        "WaterZumpf": 0.31984466314315796
      },
      "model_type": "process_model",
      "input_vars": [
        "Ore",
        "WaterMill",
        "WaterZumpf"
      ],
      "output_var": "CirculativeLoad"
    }
  },
  "quality_model": {
    "r2_score": 0.9408985125031393,
    "rmse": 0.6475340495534427,
    "feature_importance": {
      "DensityHC": 0.3773126006126404,
      "PulpHC": 0.10043838620185852,
      "PressureHC": 0.12884780764579773,
      "CirculativeLoad": 0.09607980400323868,
      "Class_15": 0.1016736850142479,
      "Daiki": 0.10959203541278839,
      "FE": 0.0860557034611702
    },
    "model_type": "quality_model",
    "input_vars": [
      "DensityHC",
      "PulpHC",
      "PressureHC",
      "CirculativeLoad",
      "Class_15",
      "Daiki",
      "FE"
    ],
    "output_var": "PSI200",
    "cv_vars": [
      "DensityHC",
      "PulpHC",
      "PressureHC",
      "CirculativeLoad"
    ],
    "dv_vars": [
      "Class_15",
      "Daiki",
      "FE"
    ]
  },
  "chain_validation": {
    "r2_score": -0.4505364847185447,
    "rmse": 73.51697614276634,
    "mae": 40.67754791295961,
    "n_samples": 200,
    "n_requested": 200,
    "predictions": [
      18.71616554260254,
      26.90589714050293,
      25.028461456298828,
      23.69753074645996,
      22.16914939880371,
      21.476642608642578,
      22.896038055419922,
      19.25675392150879,
      22.686765670776367,
      23.288375854492188,
      24.955350875854492,
      21.34932518005371,
      21.400705337524414,
      23.38729476928711,
      19.870540618896484,
      23.620464324951172,
      24.12447166442871,
      22.89202880859375,
      21.28588104248047,
      20.102622985839844,
      23.448301315307617,
      20.941585540771484,
      21.229921340942383,
      23.882692337036133,
      24.193675994873047,
      21.93228530883789,
      20.709564208984375,
      23.726152420043945,
      20.994054794311523,
      24.277666091918945,
      22.17837905883789,
      23.141332626342773,
      24.723852157592773,
      23.867462158203125,
      20.176992416381836,
      17.283552169799805,
      22.396080017089844,
      21.52511978149414,
      19.387178421020508,
      23.8585262298584,
      18.72797966003418,
      21.893230438232422,
      19.55442237854004,
      19.44807243347168,
      19.298229217529297,
      23.85662841796875,
      20.60120964050293,
      23.14145278930664,
      20.371980667114258,
      19.79604148864746,
      22.79646110534668,
      21.895166397094727,
      23.943622589111328,
      24.720552444458008,
      21.379810333251953,
      23.386178970336914,
      20.423580169677734,
      22.579797744750977,
      22.394269943237305,
      27.414310455322266,
      20.525243759155273,
      23.6811466217041,
      24.24448013305664,
      21.84360694885254,
      24.664928436279297,
      24.351459503173828,
      24.078706741333008,
      23.199615478515625,
      16.865907669067383,
      22.5074520111084,
      21.339868545532227,
      20.285480499267578,
      19.77082633972168,
      23.113767623901367,
      15.087827682495117,
      22.9534912109375,
      20.784460067749023,
      27.168872833251953,
      25.44214630126953,
      24.140092849731445,
      21.840259552001953,
      19.442136764526367,
      20.89512825012207,
      23.37348175048828,
      19.141557693481445,
      22.22039222717285,
      18.544652938842773,
      22.366539001464844,
      20.91400718688965,
      24.41048240661621,
      21.519329071044922,
      23.37348175048828,
      20.915077209472656,
      22.13438606262207,
      19.938684463500977,
      18.22446060180664,
      21.019590377807617,
      27.387937545776367,
      19.347843170166016,
      23.256086349487305,
      26.0444278717041,
      23.557649612426758,
      21.308446884155273,
      21.39273452758789,
      21.18523406982422,
      15.944563865661621,
      23.97945213317871,
      23.738325119018555,
      23.110130310058594,
      21.73285484313965,
      20.84434700012207,
      23.738916397094727,
      21.080760955810547,
      24.56709861755371,
      25.435279846191406,
      17.599124908447266,
      21.573698043823242,
      21.003515243530273,
      23.395383834838867,
      26.16511344909668,
      20.73242950439453,
      22.246328353881836,
      21.631994247436523,
      22.583839416503906,
      22.67091178894043,
      22.456857681274414,
      24.75379753112793,
      24.024765014648438,
      22.552894592285156,
      21.65274429321289,
      23.72504425048828,
      22.809646606445312,
      22.2341251373291,
      23.03284454345703,
      21.739913940429688,
      25.435279846191406,
      21.932727813720703,
      23.99320411682129,
      20.620267868041992,
      20.002506256103516,
      23.576860427856445,
      23.391273498535156,
      24.182119369506836,
      23.116680145263672,
      21.868133544921875,
      27.302518844604492,
      19.141557693481445,
      22.79791259765625,
      20.26509666442871,
      22.66050148010254,
      19.968994140625,
      23.875722885131836,
      22.399492263793945,
      21.829288482666016,
      25.173015594482422,
      23.01528549194336,
      21.5398006439209,
      18.797212600708008,
      21.801170349121094,
      23.156702041625977,
      22.268775939941406,
      21.42005729675293,
      21.075490951538086,
      23.87025260925293,
      23.36006736755371,
      18.68892478942871,
      21.200923919677734,
      22.50203514099121,
      21.722036361694336,
      22.225711822509766,
      22.646015167236328,
      19.44114112854004,
      24.043718338012695,
      23.977109909057617,
      19.076446533203125,
      21.62742042541504,
      25.300975799560547,
      27.781837463378906,
      21.941062927246094,
      21.7919921875,
      30.765029907226562,
      22.85698127746582,
      21.692535400390625,
      25.022830963134766,
      19.071420669555664,
      24.45101547241211,
      19.44114112854004,
      24.277666091918945,
      22.847139358520508,
      22.903242111206055,
      21.751182556152344,
      21.997507095336914,
      22.684486389160156,
      24.532365798950195,
      25.08890724182129,
      21.194515228271484,
      23.70473289489746,
      25.27384376525879,
      24.25259017944336,
      20.850582122802734
    ],